intentId,contestId,candidateId,amount,status,createdAt
0BylJzSkGYWURLVx9BKO,votes-artistes,lrK8tSxZpQPYFTmIF7On,1000,pending,2025-12-16T14:57:52.106Z
0COSJ2WI5gDkKEfXOPzQ,votes-artistes,TXBLgEfug2LJqx5MXWe4,100,pending,2025-12-15T22:42:33.235Z
0MElkQ9hr2gbTFxhAKHH,votes-artistes,GEVWzgnMyTnavWjEa6pg,100,pending,2025-12-19T20:46:24.970Z
0QxzRVcdDUrpLxfcTTGk,votes-artistes,oucOMPgDKDQR8GKDvFHJ,20000,pending,2025-12-19T22:25:10.694Z
0eQpGvLU505tMyJ42Z7j,votes-artistes,TXBLgEfug2LJqx5MXWe4,100,pending,2025-12-15T15:41:57.332Z
0egg6YDjGeJWUoeOPV9E,votes-artistes,TXBLgEfug2LJqx5MXWe4,2000,pending,2025-12-15T15:07:19.582Z
0gXey68aNdeTtr9O4qpC,votes-artistes,oucOMPgDKDQR8GKDvFHJ,300,pending,2025-12-15T21:03:17.039Z
0jAmGgpjGF3bKb7GasRk,votes-artistes,TXBLgEfug2LJqx5MXWe4,4000,pending,2025-12-15T19:06:16.832Z
0rtIBbkGd2gHlT7LhiHG,votes-artistes,oucOMPgDKDQR8GKDvFHJ,100,pending,2025-12-18T18:55:15.304Z
14GBG37w96yTpLNgTsCj,votes-artistes,GEVWzgnMyTnavWjEa6pg,100,pending,2025-12-15T10:02:13.717Z
14W4GGdy5sneKTgIFB6n,votes-artistes,GEVWzgnMyTnavWjEa6pg,100,pending,2025-12-15T09:43:19.975Z
1H07CaN4X1cGS8EB6DVI,votes-artistes,GEVWzgnMyTnavWjEa6pg,200,pending,2025-12-15T08:06:39.792Z
1JXalAkiLVsFvk1D1DRb,votes-artistes,oucOMPgDKDQR8GKDvFHJ,100,pending,2025-12-15T20:52:03.667Z
1PFHKMqRlKrBdmyfhNWk,votes-artistes,oucOMPgDKDQR8GKDvFHJ,100,pending,2025-12-18T09:44:41.708Z
1ROaUBNlt5HctkT0vwzR,votes-artistes,GEVWzgnMyTnavWjEa6pg,500,pending,2025-12-15T22:14:37.724Z
1ZxJ60D0YpbVFL0nftK4,votes-artistes,lrK8tSxZpQPYFTmIF7On,1000,pending,2025-12-20T03:49:27.479Z
1lpCzAHxXZkfRdwYks1G,votes-artistes,oucOMPgDKDQR8GKDvFHJ,100,pending,2025-12-15T14:41:56.044Z
1oGWcWemBIPvon0xtIZT,votes-artistes,GEVWzgnMyTnavWjEa6pg,100,pending,2025-12-15T18:47:43.480Z
1uGBSkmxJtmwsADD2Qef,votes-artistes,81cTWJpXQxqb1LcEQ9Nd,100,pending,2025-12-16T13:08:20.972Z
1uT3CZjFYhTwYOmoLtVi,votes-artistes,TXBLgEfug2LJqx5MXWe4,1000,pending,2025-12-19T22:07:31.764Z
1wbk9goCnedoiJmiKj02,votes-artistes,oucOMPgDKDQR8GKDvFHJ,100,pending,2025-12-15T16:31:56.056Z
1xhNEuNaVzJHeCfeqltq,votes-artistes,GEVWzgnMyTnavWjEa6pg,300,pending,2025-12-15T11:44:28.071Z
29j7CzVPobEOYzjJMe1v,votes-artistes,TXBLgEfug2LJqx5MXWe4,200,pending,2025-12-15T21:05:40.113Z
2EIaox3YARyQZ9PpsNJi,votes-artistes,oucOMPgDKDQR8GKDvFHJ,10000,pending,2025-12-19T16:57:24.256Z
2HdSwYjgIhofTieeJNgh,votes-artistes,GEVWzgnMyTnavWjEa6pg,25000,pending,2025-12-19T22:59:06.036Z
2PIDfy0zEO5x1FwqHAZk,votes-artistes,TXBLgEfug2LJqx5MXWe4,100,pending,2025-12-19T21:22:20.564Z
2TQxivYyzVYv2cx90jKu,votes-artistes,RIAr7Uw1uo74gAhWWM9c,200,pending,2025-12-16T07:44:23.781Z
2WwJDGrNi3BlUq4Bsi8S,votes-artistes,oucOMPgDKDQR8GKDvFHJ,100,pending,2025-12-18T10:16:44.917Z
2jTViQ88dBxH185XKmzL,votes-artistes,THSoBfgsHaDLamNs758L,100,pending,2025-12-19T11:55:57.870Z
2vbqFZR43mcERxrhTzCc,votes-artistes,8ELIXFDTdljYr37syNyv,400,pending,2025-12-15T16:21:28.433Z
2xU1khoCJkjZNTJhHR1a,votes-artistes,TXBLgEfug2LJqx5MXWe4,500,pending,2025-12-15T09:36:16.068Z
2yokDMEgUC7MQD5aGN5P,votes-artistes,TXBLgEfug2LJqx5MXWe4,500,pending,2025-12-15T15:50:01.220Z
32HVUuxvalec0VZSicqv,votes-artistes,GEVWzgnMyTnavWjEa6pg,100,pending,2025-12-17T16:10:20.061Z
3BWdV5AQW8lu5E9P5BFr,votes-artistes,GEVWzgnMyTnavWjEa6pg,15400,pending,2025-12-19T22:59:26.921Z
3EgF6Lyuqfhyu0ucmiHQ,votes-artistes,RIAr7Uw1uo74gAhWWM9c,100,pending,2025-12-17T07:23:44.912Z
3NGFd1quICrKurrpxUVu,votes-artistes,RIAr7Uw1uo74gAhWWM9c,100,pending,2025-12-15T09:39:39.534Z
3UQgqCNy2L4wMwETiaGZ,votes-artistes,oucOMPgDKDQR8GKDvFHJ,100,pending,2025-12-15T20:35:13.520Z
3jFqGqHZz4z7dKW2lLni,votes-artistes,R3DRrtGPGfw8jsQxG4r8,100,pending,2025-12-15T15:01:40.740Z
3pLerCAe2Hvm1ntBLcDT,votes-artistes,GEVWzgnMyTnavWjEa6pg,100,pending,2025-12-15T06:41:30.170Z
3sbs3tiY8UOajOw2fyo1,votes-artistes,zNIM4k3VP04xbhamFPva,100,pending,2025-12-20T10:19:16.697Z
3veN0wbU7GohHfrJNLHT,votes-artistes,aUt5Vh29CsUcstBHEF8H,100,pending,2025-12-15T07:45:54.728Z
4PClpJg4Jj5D1abvmPYy,votes-artistes,TXBLgEfug2LJqx5MXWe4,500,pending,2025-12-16T22:37:14.437Z
4a93aLseHMIuqtkNs9de,votes-artistes,RIAr7Uw1uo74gAhWWM9c,1000,pending,2025-12-15T09:46:34.256Z
4buz5iK3Q8SlTEeEwwJM,votes-artistes,TXBLgEfug2LJqx5MXWe4,500,pending,2025-12-16T15:08:45.747Z
4gQFCDrkX8S44WR2fVbD,votes-artistes,oucOMPgDKDQR8GKDvFHJ,100,pending,2025-12-15T10:48:21.705Z
4ktPldBJonvAtqpMmyU2,votes-artistes,RIAr7Uw1uo74gAhWWM9c,200,pending,2025-12-15T10:12:37.390Z
4n28iNqrG4zoWhxyBoCn,votes-artistes,oucOMPgDKDQR8GKDvFHJ,100,pending,2025-12-15T07:09:41.029Z
4t0aFyX5F7wFS87n095m,votes-artistes,GEVWzgnMyTnavWjEa6pg,1500,pending,2025-12-16T22:10:24.441Z
4vWVfC68NAaDAH41tPYD,votes-artistes,TXBLgEfug2LJqx5MXWe4,100,pending,2025-12-16T20:18:52.384Z
4z3ngwRoyZsvAB1UkjV0,votes-artistes,GEVWzgnMyTnavWjEa6pg,100,pending,2025-12-15T08:30:51.041Z
555j3d4d4nh6KTCk3aXl,votes-artistes,oucOMPgDKDQR8GKDvFHJ,100,pending,2025-12-15T09:21:24.969Z
55ewCWgHE7Vu893fhOgd,votes-artistes,zNIM4k3VP04xbhamFPva,100,pending,2025-12-15T12:32:02.961Z
5M1VZRFCets7j4E9Blvk,votes-artistes,RIAr7Uw1uo74gAhWWM9c,100,pending,2025-12-18T10:09:29.192Z
5N4wncs4QUvxQJZyotIL,votes-artistes,GEVWzgnMyTnavWjEa6pg,100,pending,2025-12-17T19:04:29.696Z
5m5rgsJzvif6LY6eBNqa,votes-artistes,RIAr7Uw1uo74gAhWWM9c,1000,pending,2025-12-15T22:07:11.491Z
5mjfMydUfdtujCOWD7IH,votes-artistes,GEVWzgnMyTnavWjEa6pg,100,pending,2025-12-17T19:30:22.100Z
5pQErxMFJ5UZlYkGjS8H,votes-artistes,oucOMPgDKDQR8GKDvFHJ,100,pending,2025-12-15T21:09:18.629Z
5vqjPIU0OKOhryKWIkX6,votes-artistes,TXBLgEfug2LJqx5MXWe4,100,pending,2025-12-19T10:03:56.006Z
5xF0Ctn32JoFV1tKl8mT,votes-artistes,RIAr7Uw1uo74gAhWWM9c,200,pending,2025-12-16T13:37:23.202Z
64eUgYAeEkGlj9pqq4vY,votes-artistes,RIAr7Uw1uo74gAhWWM9c,100,pending,2025-12-16T09:15:05.045Z
64go0qlAWaGQhtLlrX9s,votes-artistes,TXBLgEfug2LJqx5MXWe4,900,pending,2025-12-17T07:16:11.029Z
68cRFTJk5kXk1PWUd4xn,votes-artistes,GEVWzgnMyTnavWjEa6pg,10000,pending,2025-12-15T16:33:34.014Z
6BMAlYcTA0bJG5bzZTfg,votes-artistes,TXBLgEfug2LJqx5MXWe4,100,pending,2025-12-15T09:08:52.949Z
6MrzahufBZ2ooNIL9Cib,votes-artistes,oucOMPgDKDQR8GKDvFHJ,100,pending,2025-12-17T15:15:46.791Z
6T7DmrK2FQtj7PypDT9e,votes-artistes,TXBLgEfug2LJqx5MXWe4,100,pending,2025-12-15T21:19:19.699Z
6dJkQxbWIKMlNDFenv1M,votes-artistes,GEVWzgnMyTnavWjEa6pg,2100,pending,2025-12-19T04:14:34.527Z
6mtybx0EDtc7eKXHP5XS,votes-artistes,TXBLgEfug2LJqx5MXWe4,500,pending,2025-12-19T18:16:02.108Z
6n9skVbJcOhDgIo1LYcp,votes-artistes,oucOMPgDKDQR8GKDvFHJ,100,pending,2025-12-15T14:18:17.017Z
6wtoYaxe1jGZf1lr05I0,votes-artistes,TXBLgEfug2LJqx5MXWe4,14500,pending,2025-12-19T22:55:43.366Z
6zBcaj9txYKzgcInGo6O,votes-artistes,TXBLgEfug2LJqx5MXWe4,10000,pending,2025-12-18T23:07:40.500Z
6zRuiQXEjbzor4840Xr9,votes-artistes,oucOMPgDKDQR8GKDvFHJ,30000,pending,2025-12-19T22:00:12.982Z
74sdmtyZuDxXTbQpcTsd,votes-artistes,lrK8tSxZpQPYFTmIF7On,100,pending,2025-12-19T22:09:39.876Z
7CrDcnV4U2TRiTLosbTu,votes-artistes,TXBLgEfug2LJqx5MXWe4,100,pending,2025-12-15T16:26:15.994Z
7Mf1aZVoEV29HuApa8PY,votes-artistes,RIAr7Uw1uo74gAhWWM9c,200,pending,2025-12-16T13:34:39.116Z
7PRV2yCSsUWsBot311J2,votes-artistes,TXBLgEfug2LJqx5MXWe4,1000,pending,2025-12-17T13:41:58.468Z
7PcbM4EOkUKlkS0cBvmD,votes-artistes,lrK8tSxZpQPYFTmIF7On,100,pending,2025-12-16T15:14:29.482Z
7Ps4hqm32Bshx35t5uyB,votes-artistes,GEVWzgnMyTnavWjEa6pg,100,pending,2025-12-17T08:17:33.120Z
7cGFAz4NfV8i1sOGg9AO,votes-artistes,noLuODpebT7EXpZWBRkH,100,pending,2025-12-15T08:43:21.473Z
7nodyyHV7G3loNENDQq4,votes-artistes,TXBLgEfug2LJqx5MXWe4,100,pending,2025-12-16T06:00:10.251Z
7qVoHeSpdG4IeoSyUuVo,votes-artistes,TXBLgEfug2LJqx5MXWe4,22500,pending,2025-12-16T22:35:18.482Z
82TB4CMYZ0AXHcFOSqxT,votes-artistes,oucOMPgDKDQR8GKDvFHJ,100,pending,2025-12-20T11:58:36.001Z
86slvYBTfTYKksqiydq9,votes-artistes,R3DRrtGPGfw8jsQxG4r8,100,pending,2025-12-15T19:55:03.971Z
87pp9HaGClG9je9KqT4X,votes-artistes,GEVWzgnMyTnavWjEa6pg,100,pending,2025-12-15T18:24:52.204Z
88xYoGM0EPIJ44oCN9Fk,votes-artistes,TXBLgEfug2LJqx5MXWe4,10300,pending,2025-12-19T21:52:35.295Z
8BvJ6qJ1A0LCQbrPFrZP,votes-artistes,GEVWzgnMyTnavWjEa6pg,100,pending,2025-12-17T14:37:50.188Z
8I2d5nXIZlvPN3FLk8xH,votes-artistes,RIAr7Uw1uo74gAhWWM9c,3800,pending,2025-12-15T17:39:34.095Z
8KlhlYpssxkURMEbxq2B,votes-artistes,TXBLgEfug2LJqx5MXWe4,100,pending,2025-12-15T19:36:23.969Z
8bhw9v79aUM1qmFVKBom,votes-artistes,oucOMPgDKDQR8GKDvFHJ,20000,pending,2025-12-19T22:01:40.563Z
8bzVAb9dtLmxPJTaPxK8,votes-artistes,TXBLgEfug2LJqx5MXWe4,100,pending,2025-12-15T08:58:57.867Z
8fS4AFpCdtKTSOuIptwz,votes-artistes,R3DRrtGPGfw8jsQxG4r8,2000,pending,2025-12-15T15:36:10.796Z
8iP3RqSuVWGn0HXTVd4S,votes-artistes,oucOMPgDKDQR8GKDvFHJ,100,pending,2025-12-16T16:02:53.554Z
8jQEf9Y5jdVKfhKq0NB4,votes-artistes,RIAr7Uw1uo74gAhWWM9c,100,pending,2025-12-15T18:05:57.487Z
8kLh2tjKeLM3ixs0RpxI,votes-artistes,lrK8tSxZpQPYFTmIF7On,100,pending,2025-12-16T14:24:00.558Z
8phK8eibBSlWv4EWAJzp,votes-artistes,6AkulXNEKwaJVwByJl7t,300,pending,2025-12-16T12:54:38.105Z
8qAanemi9YnpxIqiNMqT,votes-artistes,GEVWzgnMyTnavWjEa6pg,1000,pending,2025-12-17T18:52:33.980Z
8rDe0ztz4jJ6acXiVqsg,votes-artistes,oucOMPgDKDQR8GKDvFHJ,100,pending,2025-12-20T04:50:17.333Z
8roxwYPFa330JG9bbL2b,votes-artistes,oucOMPgDKDQR8GKDvFHJ,1900,pending,2025-12-19T07:14:31.471Z
8uU0lUfItmik9A32KBIO,votes-artistes,QYa6O7F6VvbOPzwmlD0Q,100,pending,2025-12-19T06:03:10.015Z
8wpnU70C9Ht5zvnl9Ec3,votes-artistes,oucOMPgDKDQR8GKDvFHJ,100,pending,2025-12-16T20:58:17.983Z
8wwRn1IXwHFuWYUqBxJS,votes-artistes,oucOMPgDKDQR8GKDvFHJ,100,pending,2025-12-16T09:37:09.399Z
8y0RgdaaYl6fc9tbSKvH,votes-artistes,GEVWzgnMyTnavWjEa6pg,100,pending,2025-12-19T06:39:30.812Z
93q8y7XQILtG94tzDQxi,votes-artistes,oucOMPgDKDQR8GKDvFHJ,100,pending,2025-12-16T17:07:58.880Z
9E30k6BS12wnzjQvFeuM,votes-artistes,GEVWzgnMyTnavWjEa6pg,100,pending,2025-12-15T15:36:54.620Z
9QyNDJR7s2LQ4dvdr8Z0,votes-artistes,ANLYRIZ6gRU8LgLSyaRq,5100,pending,2025-12-15T09:32:21.539Z
9ZqQs0EmFwzu9LLh3Yib,votes-artistes,oucOMPgDKDQR8GKDvFHJ,100,pending,2025-12-15T09:35:28.000Z
9jddeDKZbmGKgbhfUPeb,votes-artistes,GEVWzgnMyTnavWjEa6pg,500,pending,2025-12-17T10:04:25.950Z
9kweaO2sCSUKv5UTyoll,votes-artistes,RIAr7Uw1uo74gAhWWM9c,200,pending,2025-12-16T13:32:58.411Z
9m5hTPUkjxF39RkJFUHg,votes-artistes,oucOMPgDKDQR8GKDvFHJ,100,pending,2025-12-15T08:15:19.876Z
9mH2WNSmsR21DWUTvYIX,votes-artistes,8ELIXFDTdljYr37syNyv,100,pending,2025-12-15T13:11:00.745Z
9qnAezuzl7u4N4MVeztT,votes-artistes,noLuODpebT7EXpZWBRkH,2500,pending,2025-12-15T15:07:01.072Z
9qsTlhKNpzrYT2Wfo7mh,votes-artistes,zNIM4k3VP04xbhamFPva,100,pending,2025-12-15T06:19:34.334Z
9rzd7bRwrYcUhi9DP8TM,votes-artistes,GEVWzgnMyTnavWjEa6pg,2000,pending,2025-12-19T18:49:46.968Z
A0ChB17xRRUOUMBpM5BV,votes-artistes,oucOMPgDKDQR8GKDvFHJ,100,pending,2025-12-15T22:54:00.973Z
AENwAKCJAj2PW3JUu8fd,votes-artistes,noLuODpebT7EXpZWBRkH,1000,pending,2025-12-15T20:46:10.275Z
AOluk5dcYx2DMtxFINKU,votes-artistes,oucOMPgDKDQR8GKDvFHJ,300,pending,2025-12-16T17:56:37.006Z
AVwgsklVlJaDIv66IvRQ,votes-artistes,TXBLgEfug2LJqx5MXWe4,500,pending,2025-12-19T18:12:26.565Z
AiZqdhdQ13MdhxxdmzZn,votes-artistes,81cTWJpXQxqb1LcEQ9Nd,100,pending,2025-12-15T12:58:56.651Z
Akvh5ZfzoJIIAD0S5isl,votes-artistes,GEVWzgnMyTnavWjEa6pg,200,pending,2025-12-17T17:04:32.379Z
Ap5ll3GQVcxHIktklMe8,votes-artistes,lrK8tSxZpQPYFTmIF7On,100,pending,2025-12-19T22:05:08.101Z
AuUqF4tEBmgpVjLoIe7T,votes-artistes,oucOMPgDKDQR8GKDvFHJ,100,pending,2025-12-17T18:36:06.739Z
Audyzsx9PdHi00e0He0w,votes-artistes,RIAr7Uw1uo74gAhWWM9c,100,pending,2025-12-18T21:15:07.826Z
AvnoknVpbukP3Ro17GQW,votes-artistes,GEVWzgnMyTnavWjEa6pg,100,pending,2025-12-18T07:17:21.927Z
B5wOje56QN099WRnvvqd,votes-artistes,TXBLgEfug2LJqx5MXWe4,10000,pending,2025-12-19T21:40:35.580Z
B6GZhFFk0UUyYQn6GeWe,votes-artistes,R3DRrtGPGfw8jsQxG4r8,100,pending,2025-12-15T08:33:25.954Z
BIhzpyNB4vQAmPR6PC7l,votes-artistes,oucOMPgDKDQR8GKDvFHJ,100,pending,2025-12-15T21:38:09.606Z
BNDFmtSaRr3qlnQG5Gw9,votes-artistes,lrK8tSxZpQPYFTmIF7On,15000,pending,2025-12-16T11:09:25.927Z
BWvc3RyytT4WQQ0I86tY,votes-artistes,TXBLgEfug2LJqx5MXWe4,100,pending,2025-12-16T21:14:41.120Z
BlAsjopePo1U2F65F2OO,votes-artistes,oucOMPgDKDQR8GKDvFHJ,500,pending,2025-12-18T18:04:23.676Z
BxStuieb875xZZHU4vNc,votes-artistes,GEVWzgnMyTnavWjEa6pg,2000,pending,2025-12-19T18:33:29.497Z
Bz78flr5eGZCJTclQfAu,votes-artistes,RIAr7Uw1uo74gAhWWM9c,100,pending,2025-12-18T21:15:47.659Z
C0fkKBlGxcBhSwJBhRr4,votes-artistes,TXBLgEfug2LJqx5MXWe4,600,pending,2025-12-16T05:43:22.876Z
C5NrEJojRtVtIGsd6STO,votes-artistes,oucOMPgDKDQR8GKDvFHJ,100,pending,2025-12-15T21:07:35.379Z
C82wJN8MvbLcVbW1Z4O0,votes-artistes,TXBLgEfug2LJqx5MXWe4,100,pending,2025-12-17T13:11:43.012Z
CEpPesPwoKybobvN5In8,votes-artistes,oucOMPgDKDQR8GKDvFHJ,2000,pending,2025-12-17T11:15:32.145Z
CFdiaA2PiNKKVfpdcJvI,votes-artistes,TXBLgEfug2LJqx5MXWe4,100,pending,2025-12-15T21:14:10.721Z
CMdP8q7UgoioxCUGnbLu,votes-artistes,GEVWzgnMyTnavWjEa6pg,1000,pending,2025-12-15T12:46:09.651Z
CMfyZlStn7FujsrA6NNi,votes-artistes,81cTWJpXQxqb1LcEQ9Nd,100,pending,2025-12-16T08:43:00.747Z
CPalIlZN4DgadUfCIvsk,votes-artistes,oucOMPgDKDQR8GKDvFHJ,100,pending,2025-12-19T06:19:01.616Z
CQSEkU3vTfsPh4vnxeJ3,votes-artistes,RIAr7Uw1uo74gAhWWM9c,100,pending,2025-12-15T20:52:39.397Z
CWm0zjd4zYqZC5twiqqG,votes-artistes,TXBLgEfug2LJqx5MXWe4,100,pending,2025-12-15T09:10:14.882Z
CZPTAM5ZdD06Jo7XUee2,votes-artistes,oucOMPgDKDQR8GKDvFHJ,100,pending,2025-12-18T09:54:19.707Z
CeNMxQsMJVdI9U7ts5pN,votes-artistes,TXBLgEfug2LJqx5MXWe4,100,pending,2025-12-15T10:57:31.609Z
CgkZnZMaZxb6CU8CuY7l,votes-artistes,RIAr7Uw1uo74gAhWWM9c,100,pending,2025-12-16T18:07:41.987Z
D0DNuPy6vRBI6wFyvAKz,votes-artistes,GEVWzgnMyTnavWjEa6pg,100,pending,2025-12-15T10:40:50.843Z
D1erIv0qaY0TPRVRha5X,votes-artistes,GEVWzgnMyTnavWjEa6pg,2000,pending,2025-12-19T17:16:59.717Z
D7jB87ZcXN8gdduhZOZl,votes-artistes,zNIM4k3VP04xbhamFPva,1000,pending,2025-12-16T14:58:28.060Z
D9aKJpP6lYgG8hdcTVol,votes-artistes,RIAr7Uw1uo74gAhWWM9c,100,pending,2025-12-16T08:29:59.915Z
DB0Bb2D0O142D5hE5INL,votes-artistes,GEVWzgnMyTnavWjEa6pg,100,pending,2025-12-18T12:00:28.270Z
DCHCZo2oQUyxN8IgRdNt,votes-artistes,GEVWzgnMyTnavWjEa6pg,100,pending,2025-12-15T11:17:02.734Z
DPZ3hVzTyyV7o8eXTiIe,votes-artistes,RIAr7Uw1uo74gAhWWM9c,1000,pending,2025-12-16T18:44:21.839Z
DYtdt6kj8mAL2IACCpsu,votes-artistes,oucOMPgDKDQR8GKDvFHJ,100,pending,2025-12-15T09:08:27.826Z
DdCGoLjUluOyr2KAp8FF,votes-artistes,TXBLgEfug2LJqx5MXWe4,100,pending,2025-12-15T22:24:31.110Z
DlK2lWeRhRZWqhj4xHvk,votes-artistes,GEVWzgnMyTnavWjEa6pg,100,pending,2025-12-17T07:19:47.166Z
DnUYMYUd2QeUsSw440Fd,votes-artistes,R3DRrtGPGfw8jsQxG4r8,10000,pending,2025-12-15T19:00:30.896Z
DrwVDpcCQUWQrLvZIX2r,votes-artistes,RIAr7Uw1uo74gAhWWM9c,100,pending,2025-12-15T09:45:02.161Z
DwS7ha3G3k9yLPVE9Z2l,votes-artistes,aUt5Vh29CsUcstBHEF8H,100,pending,2025-12-15T18:20:11.811Z
DzAZZ9KpcvvBlqHbPwPP,votes-artistes,oucOMPgDKDQR8GKDvFHJ,100,pending,2025-12-15T22:09:24.244Z
DzYugKB6FK8PKcTdxoQg,votes-artistes,RIAr7Uw1uo74gAhWWM9c,2000,pending,2025-12-17T19:23:06.542Z
EIdtPgXbYzkMRI8RKWQl,votes-artistes,oucOMPgDKDQR8GKDvFHJ,8000,pending,2025-12-18T19:25:55.108Z
EMeuB86nHF5Eg0kaIHXw,votes-artistes,oucOMPgDKDQR8GKDvFHJ,100,pending,2025-12-16T07:55:47.486Z
EP8B63gghUVxgSXOxEmR,votes-artistes,GEVWzgnMyTnavWjEa6pg,1000,pending,2025-12-16T03:48:24.231Z
EQ9EO7ZJF744UfdYl3oS,votes-artistes,TXBLgEfug2LJqx5MXWe4,1000,pending,2025-12-17T17:38:50.346Z
EgWBxeaRP1jnofvVWrO4,votes-artistes,GEVWzgnMyTnavWjEa6pg,100,pending,2025-12-19T09:46:36.270Z
EojClbAaIteNKt0xHp4F,votes-artistes,oucOMPgDKDQR8GKDvFHJ,100,pending,2025-12-16T14:35:18.677Z
F2sAV4TbykG42X9MBuIx,votes-artistes,RIAr7Uw1uo74gAhWWM9c,500,pending,2025-12-18T16:01:35.802Z
F4nQB7rq5bHe3H6nt6OO,votes-artistes,TXBLgEfug2LJqx5MXWe4,100,pending,2025-12-16T21:23:35.824Z
F8H9aO2vZoq5TaSuqoi1,votes-artistes,GEVWzgnMyTnavWjEa6pg,100,pending,2025-12-20T08:49:32.275Z
FAtS26180D89sb0uyuWn,votes-artistes,THSoBfgsHaDLamNs758L,3000,pending,2025-12-19T13:26:28.896Z
FC2R6XOR7D4IsrtC6tAB,votes-artistes,81cTWJpXQxqb1LcEQ9Nd,100,pending,2025-12-16T07:50:42.327Z
FI5dS60aDOl7p96xx8Pu,votes-artistes,TXBLgEfug2LJqx5MXWe4,100,pending,2025-12-16T17:49:46.228Z
FJQBswPJxS5mkghaM72X,votes-artistes,RIAr7Uw1uo74gAhWWM9c,5200,pending,2025-12-15T10:40:27.243Z
FOXlnBHZUzcpxj7Ep6P8,votes-artistes,lrK8tSxZpQPYFTmIF7On,100,pending,2025-12-20T07:04:51.726Z
FQCzoNPDMHXw7n8feFY6,votes-artistes,oucOMPgDKDQR8GKDvFHJ,100,pending,2025-12-15T08:01:38.094Z
FXr3lN92k3rhvvBK0Xdf,votes-artistes,TXBLgEfug2LJqx5MXWe4,100,pending,2025-12-16T07:31:44.903Z
Fb5KDoBPvsU72nT6LMJc,votes-artistes,oucOMPgDKDQR8GKDvFHJ,100,pending,2025-12-15T19:13:02.502Z
FcVrGF2KQPbFtQ7qFy7E,votes-artistes,8dxIvMVLsBZNKKBQiNFE,100,pending,2025-12-16T07:36:12.402Z
FchSP5ZYRjOFJotxHs9P,votes-artistes,GEVWzgnMyTnavWjEa6pg,100,pending,2025-12-15T15:30:27.691Z
Ff2meV4D5YIgO1OnMZq0,votes-artistes,oucOMPgDKDQR8GKDvFHJ,500,pending,2025-12-19T20:57:06.037Z
Ff8MMCkctUwG2OomVgRv,votes-artistes,lrK8tSxZpQPYFTmIF7On,200,pending,2025-12-19T22:50:29.380Z
Ffx7wYksWIV7p9BBVIKp,votes-artistes,GEVWzgnMyTnavWjEa6pg,100,pending,2025-12-19T06:24:43.730Z
Fhlq6jEssa6uJIcqL8W5,votes-artistes,oucOMPgDKDQR8GKDvFHJ,100,pending,2025-12-15T10:25:14.525Z
FitO9MgjWHmOSwTQZ9qv,votes-artistes,GEVWzgnMyTnavWjEa6pg,1000,pending,2025-12-17T15:26:54.873Z
Fm4gHy3dRaIn4NZMqEo4,votes-artistes,lrK8tSxZpQPYFTmIF7On,100,pending,2025-12-20T07:56:13.313Z
FnlqmdR0gjrkxEwverxD,votes-artistes,TXBLgEfug2LJqx5MXWe4,100,pending,2025-12-16T19:49:50.761Z
FvdAbHapbO62pRU9c2bX,votes-artistes,oucOMPgDKDQR8GKDvFHJ,100,pending,2025-12-15T09:00:11.043Z
G7UlSPCuccRAMJYIItkm,votes-artistes,oucOMPgDKDQR8GKDvFHJ,100,pending,2025-12-15T20:10:22.759Z
GEbF6ouhQ0GY89RsEn3b,votes-artistes,oucOMPgDKDQR8GKDvFHJ,100,pending,2025-12-15T14:14:34.047Z
GInyQ9b8B7BuY0Kl8jpI,votes-artistes,81cTWJpXQxqb1LcEQ9Nd,100,pending,2025-12-16T09:12:17.557Z
GNO9n1eFWxOrMB5ElEXS,votes-artistes,RIAr7Uw1uo74gAhWWM9c,100,pending,2025-12-16T12:43:27.489Z
GYcK65OWhowTE8rTcb7l,votes-artistes,TXBLgEfug2LJqx5MXWe4,100,pending,2025-12-15T22:01:33.300Z
GgPnqqz4HPl9RYkdfi1R,votes-artistes,oucOMPgDKDQR8GKDvFHJ,100,pending,2025-12-15T20:55:35.553Z
GjFqCLygo9jWFiHbLPKM,votes-artistes,oucOMPgDKDQR8GKDvFHJ,10000,pending,2025-12-19T17:03:32.119Z
GlAE1Bi3Irhd4xU1QI56,votes-artistes,GEVWzgnMyTnavWjEa6pg,100,pending,2025-12-16T09:52:40.036Z
GppLdTvpYWFUxReSYLaP,votes-artistes,oucOMPgDKDQR8GKDvFHJ,5800,pending,2025-12-17T15:39:28.049Z
H8vA4sabv5dbq74nRXl4,votes-artistes,6jJ1pd8NA2meRhVWW12M,500,pending,2025-12-15T09:37:37.387Z
HCwKB6MDyR0QkMwtubyA,votes-artistes,GEVWzgnMyTnavWjEa6pg,100,pending,2025-12-19T23:18:53.184Z
HR9gT3IfjzjlnJAyjqPT,votes-artistes,TXBLgEfug2LJqx5MXWe4,100,pending,2025-12-15T20:06:33.510Z
HSOpV0ejUDnz7Yr5yC12,votes-artistes,TXBLgEfug2LJqx5MXWe4,100,pending,2025-12-15T08:54:39.241Z
HUkrTDNnWwoBfUwB7SIV,votes-artistes,lrK8tSxZpQPYFTmIF7On,100,pending,2025-12-16T17:39:14.907Z
HVaucU2hCY9tc3zMQNul,votes-artistes,8dxIvMVLsBZNKKBQiNFE,100,pending,2025-12-15T19:37:55.049Z
HXn7lWWjWzOyQndvTK3g,votes-artistes,GEVWzgnMyTnavWjEa6pg,1000,pending,2025-12-16T21:49:42.975Z
HrtY7uq1FMgWlorUmtmE,votes-artistes,TXBLgEfug2LJqx5MXWe4,5000,pending,2025-12-15T15:08:38.469Z
HtOucZqQpDclsTi3U42z,votes-artistes,GEVWzgnMyTnavWjEa6pg,100,pending,2025-12-18T06:50:29.622Z
HtwvUesGiWVRCkpQyH2G,votes-artistes,GEVWzgnMyTnavWjEa6pg,1000,pending,2025-12-17T15:19:52.601Z
I0qHML9mki1wx3oTEEYs,votes-artistes,ANLYRIZ6gRU8LgLSyaRq,100,pending,2025-12-15T14:29:09.429Z
I4LQEaqNwImcTmCFRMyf,votes-artistes,GEVWzgnMyTnavWjEa6pg,700,pending,2025-12-15T10:43:59.244Z
I5QDcGZfc1nKjYje0Er5,votes-artistes,RIAr7Uw1uo74gAhWWM9c,100,pending,2025-12-15T14:13:06.466Z
I8JectGn9SKNkF8vDApg,votes-artistes,GEVWzgnMyTnavWjEa6pg,100,pending,2025-12-15T11:36:19.042Z
I8QpwcZKXGgeU3jOwXlQ,votes-artistes,GEVWzgnMyTnavWjEa6pg,1200,pending,2025-12-15T10:42:56.331Z
IE9n5uqNGTyEtrXnJkTH,votes-artistes,8ELIXFDTdljYr37syNyv,400,pending,2025-12-15T19:52:33.636Z
IJRgjMKkX1CTBSYDja5b,votes-artistes,oucOMPgDKDQR8GKDvFHJ,100,pending,2025-12-18T12:35:38.807Z
ISojRkwuJgBzlh7sbdDT,votes-artistes,oucOMPgDKDQR8GKDvFHJ,500,pending,2025-12-19T15:50:35.260Z
IVC93B34Ij7BrR0cTR9y,votes-artistes,TXBLgEfug2LJqx5MXWe4,100,pending,2025-12-15T23:10:35.787Z
IVNGeLXox1nlT484sGTp,votes-artistes,GEVWzgnMyTnavWjEa6pg,2000,pending,2025-12-19T18:28:06.470Z
IWC6pFk2Q1xoeN9a0WPJ,votes-artistes,GEVWzgnMyTnavWjEa6pg,500,pending,2025-12-17T14:02:30.380Z
IX2hj0A5cIgsf64wi9nF,votes-artistes,oucOMPgDKDQR8GKDvFHJ,100,pending,2025-12-17T07:01:44.801Z
IY7QbQxQEeM7OG1rkpvP,votes-artistes,GEVWzgnMyTnavWjEa6pg,10000,pending,2025-12-17T19:11:29.033Z
Ih2dEEruKCBXucEayTYs,votes-artistes,oucOMPgDKDQR8GKDvFHJ,500,pending,2025-12-19T15:55:19.334Z
ImH81YG3sS5QkOhEZ9FU,votes-artistes,GEVWzgnMyTnavWjEa6pg,100,pending,2025-12-15T17:44:29.366Z
Iym07AgRqQJLSJy92wS2,votes-artistes,TXBLgEfug2LJqx5MXWe4,100,pending,2025-12-15T18:51:52.527Z
IztaJ816F8BjMhasHPIN,votes-artistes,TXBLgEfug2LJqx5MXWe4,100,pending,2025-12-15T16:33:03.192Z
JF1u3E8CAknrOD8x4qsz,votes-artistes,oucOMPgDKDQR8GKDvFHJ,100,pending,2025-12-15T09:55:17.582Z
JLCer12MMad0JjdFccQH,votes-artistes,GEVWzgnMyTnavWjEa6pg,1000,pending,2025-12-15T18:10:53.157Z
JNoe16rvSQcE9gBJmbRQ,votes-artistes,GEVWzgnMyTnavWjEa6pg,1000,pending,2025-12-17T14:36:00.273Z
JpKSysstLSfTYl4dZNDZ,votes-artistes,oucOMPgDKDQR8GKDvFHJ,500,pending,2025-12-18T10:28:39.609Z
JxX4qAgOlhMpB3qOFUoU,votes-artistes,R3DRrtGPGfw8jsQxG4r8,2100,pending,2025-12-15T15:33:40.731Z
K0eeGyItlfzjiWURngP0,votes-artistes,GEVWzgnMyTnavWjEa6pg,1000,pending,2025-12-15T16:36:34.817Z
KAcWipTC7Gg6Ef6C3rEn,votes-artistes,8ELIXFDTdljYr37syNyv,100,pending,2025-12-15T14:50:40.759Z
KKlo2ChOmKlAxnDeNs4d,votes-artistes,lrK8tSxZpQPYFTmIF7On,400,pending,2025-12-16T12:53:09.505Z
KcIjOtWxaKStWMlpzznA,votes-artistes,oucOMPgDKDQR8GKDvFHJ,500,pending,2025-12-19T19:17:19.407Z
KjSuJYozgOm5RL6o05Om,votes-artistes,81cTWJpXQxqb1LcEQ9Nd,100,pending,2025-12-16T08:12:31.143Z
KttylDUzquROdlVH77sf,votes-artistes,oucOMPgDKDQR8GKDvFHJ,300,pending,2025-12-15T15:41:53.507Z
L2OKcX3f6JVEB4uFDSR2,votes-artistes,aUt5Vh29CsUcstBHEF8H,500,pending,2025-12-17T21:22:09.697Z
L34bBy901syKf8UaBAbU,votes-artistes,oucOMPgDKDQR8GKDvFHJ,100,pending,2025-12-17T08:06:00.915Z
L77PQQ6tubdyhLGOIHoV,votes-artistes,RIAr7Uw1uo74gAhWWM9c,900,pending,2025-12-15T18:41:00.933Z
LA8L2eB0xVBTKOwxF02E,votes-artistes,R3DRrtGPGfw8jsQxG4r8,100,pending,2025-12-15T18:58:34.874Z
LP3KuPO5mvSpb71AtngQ,votes-artistes,GEVWzgnMyTnavWjEa6pg,100,pending,2025-12-15T15:29:16.637Z
LPluhDNO1NdUivj3xOLP,votes-artistes,RIAr7Uw1uo74gAhWWM9c,100,pending,2025-12-15T07:14:19.777Z
LSSa9BJtrhgvcfeHMGE6,votes-artistes,lrK8tSxZpQPYFTmIF7On,500,pending,2025-12-16T16:09:08.576Z
LTyUvRnRqdbXRv7KHsdK,votes-artistes,R3DRrtGPGfw8jsQxG4r8,1000,pending,2025-12-15T11:03:31.709Z
LXO2duRUKEi7MKttIqIz,votes-artistes,THSoBfgsHaDLamNs758L,100,pending,2025-12-19T09:42:55.968Z
Ldi85m7UpMn7rXNlia45,votes-artistes,oucOMPgDKDQR8GKDvFHJ,10000,pending,2025-12-19T17:02:42.099Z
LlxZmpnSQWZ6thVQabxf,votes-artistes,GEVWzgnMyTnavWjEa6pg,1000,pending,2025-12-17T20:21:26.281Z
LsoY96rfp0r9nVBD994E,votes-artistes,TXBLgEfug2LJqx5MXWe4,2000,pending,2025-12-16T20:39:41.693Z
LvNVGWv3MgSu5EdI9854,votes-artistes,RIAr7Uw1uo74gAhWWM9c,500,pending,2025-12-16T16:31:13.402Z
M1Eb7lHyx3c2BIAA8td2,votes-artistes,GEVWzgnMyTnavWjEa6pg,1000,pending,2025-12-16T12:48:42.034Z
M8LIgjt5lNix6fOpZcHR,votes-artistes,TXBLgEfug2LJqx5MXWe4,1000,pending,2025-12-16T21:36:23.780Z
M9T5W5vn0AXWra2OxEEI,votes-artistes,RIAr7Uw1uo74gAhWWM9c,100,pending,2025-12-15T09:22:21.369Z
MBey3WL3D8aaBrYDFkH7,votes-artistes,ANLYRIZ6gRU8LgLSyaRq,100,pending,2025-12-15T07:01:26.099Z
MBgkoyb5JonAIjRkO3Ye,votes-artistes,GEVWzgnMyTnavWjEa6pg,500,pending,2025-12-15T22:16:46.351Z
MPbA28xyZJNxN5sIi1qq,votes-artistes,TXBLgEfug2LJqx5MXWe4,500,pending,2025-12-15T10:58:57.758Z
MSTH3Ko2Pqa4ELaWCAZn,votes-artistes,lrK8tSxZpQPYFTmIF7On,100,pending,2025-12-19T13:16:30.008Z
MkyfBKzlA9prF8i5PbP7,votes-artistes,TXBLgEfug2LJqx5MXWe4,3000,pending,2025-12-16T21:02:43.044Z
Mn6z91bo4PPYn7beQDs9,votes-artistes,GEVWzgnMyTnavWjEa6pg,2000,pending,2025-12-19T17:11:32.693Z
MozvESeEwV7bvP54EkUl,votes-artistes,81cTWJpXQxqb1LcEQ9Nd,500,pending,2025-12-16T08:34:38.496Z
MwzHk9s0tCxbcLRScWRe,votes-artistes,GEVWzgnMyTnavWjEa6pg,2000,pending,2025-12-19T22:32:07.089Z
NHlwUXtxHWPheqCTiMTy,votes-artistes,TXBLgEfug2LJqx5MXWe4,100,pending,2025-12-16T07:19:45.860Z
NPW2abPsEDJPz962s9vO,votes-artistes,6jJ1pd8NA2meRhVWW12M,2000,pending,2025-12-15T09:00:34.158Z
NPg6eefy0E4k1TvCVfur,votes-artistes,RIAr7Uw1uo74gAhWWM9c,200,pending,2025-12-16T10:32:11.551Z
NSzbiwuIIdBSNd6feOac,votes-artistes,oucOMPgDKDQR8GKDvFHJ,100,pending,2025-12-19T07:32:21.272Z
NVCF3mZzHYEO0bd8Ev0z,votes-artistes,TXBLgEfug2LJqx5MXWe4,100,pending,2025-12-15T14:06:29.888Z
NlNaJsWGRA1DYQTjxQY6,votes-artistes,TXBLgEfug2LJqx5MXWe4,5000,pending,2025-12-16T10:31:42.006Z
NmKvUv0FsZ1OLzvtfWI1,votes-artistes,GEVWzgnMyTnavWjEa6pg,5000,pending,2025-12-15T11:38:16.419Z
NoIXZnPhYGKxW5a40Rqk,votes-artistes,oucOMPgDKDQR8GKDvFHJ,100,pending,2025-12-16T08:02:50.236Z
Nyheyvz8hwWkULY6TFEs,votes-artistes,oucOMPgDKDQR8GKDvFHJ,100,pending,2025-12-15T20:15:56.971Z
Nz0dYPcK7wSqFiO9rMUB,votes-artistes,TXBLgEfug2LJqx5MXWe4,100,pending,2025-12-15T16:16:14.235Z
Nzuz3RcWHewxrgZbsgSK,votes-artistes,oucOMPgDKDQR8GKDvFHJ,100,pending,2025-12-15T10:19:45.884Z
O0VTtBJ3pxT8SztjSwrh,votes-artistes,oucOMPgDKDQR8GKDvFHJ,500,pending,2025-12-20T04:49:15.203Z
O1GP6yRt2QEsoTrK6Dw6,votes-artistes,oucOMPgDKDQR8GKDvFHJ,100,pending,2025-12-16T21:09:20.194Z
O5Crk19c88H46eV2pxj0,votes-artistes,GEVWzgnMyTnavWjEa6pg,100,pending,2025-12-19T10:10:13.642Z
OLbHlQumxbpMVPLXcTXy,votes-artistes,81cTWJpXQxqb1LcEQ9Nd,100,pending,2025-12-17T07:53:21.280Z
OVOaguNo0avkH6LPDTwx,votes-artistes,TXBLgEfug2LJqx5MXWe4,100,pending,2025-12-15T07:00:54.133Z
OhNCzzrgOA4qhJdigcx8,votes-artistes,TXBLgEfug2LJqx5MXWe4,100,pending,2025-12-15T20:47:01.147Z
Ojm44GwUbH0RqNqXCr4Y,votes-artistes,TXBLgEfug2LJqx5MXWe4,1000,pending,2025-12-15T21:14:51.386Z
Ojxukirm8XqWWgy10tyj,votes-artistes,81cTWJpXQxqb1LcEQ9Nd,100,pending,2025-12-16T12:32:05.016Z
OlQaRO46lTT6zmvVtars,votes-artistes,oucOMPgDKDQR8GKDvFHJ,100,pending,2025-12-17T15:36:12.694Z
Oo8oQCcFk8qcxkopN0Z8,votes-artistes,lrK8tSxZpQPYFTmIF7On,100,pending,2025-12-16T12:04:37.087Z
OxiRjd619QzWKudsOZsu,votes-artistes,TXBLgEfug2LJqx5MXWe4,1000,pending,2025-12-17T19:57:43.439Z
P6HPjPIWKZXKLqKoCW3e,votes-artistes,oucOMPgDKDQR8GKDvFHJ,200,pending,2025-12-18T02:34:37.007Z
P7ZLY6WVxn0BtyruzsAy,votes-artistes,RIAr7Uw1uo74gAhWWM9c,4500,pending,2025-12-16T15:09:33.906Z
P7vbROHB6axSAq5WOHc7,votes-artistes,RIAr7Uw1uo74gAhWWM9c,100,pending,2025-12-15T17:11:46.303Z
PDGfC2gGV1KdQnF9Wggh,votes-artistes,oucOMPgDKDQR8GKDvFHJ,100,pending,2025-12-16T09:25:32.777Z
PFif4a82CatR6nYyKNJ4,votes-artistes,ANLYRIZ6gRU8LgLSyaRq,100,pending,2025-12-17T22:48:06.631Z
PKRGsxdOziznx0iDPLzB,votes-artistes,RIAr7Uw1uo74gAhWWM9c,200,pending,2025-12-16T13:36:28.493Z
PLoTpjiSSdthq1IrO0Ky,votes-artistes,oucOMPgDKDQR8GKDvFHJ,7000,pending,2025-12-19T22:40:00.402Z
PNDk7Wv6AeQwqLh8s4NW,votes-artistes,oucOMPgDKDQR8GKDvFHJ,100,pending,2025-12-19T19:26:00.194Z
PPvVeqOb6c32fSqbH7PF,votes-artistes,zNIM4k3VP04xbhamFPva,10000,pending,2025-12-18T18:11:47.308Z
PRJclV5DU55u94YeJoHO,votes-artistes,oucOMPgDKDQR8GKDvFHJ,100,pending,2025-12-15T22:14:49.308Z
PWrVIClPRrpGTvJB06ck,votes-artistes,lrK8tSxZpQPYFTmIF7On,100,pending,2025-12-16T13:11:01.531Z
Pd3MbFVdeaJ7aIEHcr9S,votes-artistes,GEVWzgnMyTnavWjEa6pg,100,pending,2025-12-15T08:13:58.742Z
PfD8m6ytkyFidUy6rM3n,votes-artistes,oucOMPgDKDQR8GKDvFHJ,500,pending,2025-12-19T20:56:45.367Z
Pif1GMi5AaVh3e01lwWf,votes-artistes,8dxIvMVLsBZNKKBQiNFE,1000,pending,2025-12-15T19:05:16.444Z
PmEjkyGFVw2o925dCxFX,votes-artistes,GEVWzgnMyTnavWjEa6pg,2000,pending,2025-12-18T12:39:07.996Z
PrlNrjJKXfnXkdYrmwBY,votes-artistes,oucOMPgDKDQR8GKDvFHJ,3000,pending,2025-12-19T19:37:09.325Z
Q4dP0BIklRPfwEp4EIdw,votes-artistes,TXBLgEfug2LJqx5MXWe4,3000,pending,2025-12-15T15:07:57.620Z
QIXmp2Yu8YPQRiP4Iqlf,votes-artistes,oucOMPgDKDQR8GKDvFHJ,1000,pending,2025-12-18T09:02:18.459Z
QLPdNDGqml5snAza6qfj,votes-artistes,GEVWzgnMyTnavWjEa6pg,500,pending,2025-12-15T11:28:24.129Z
QmZOqMvGPhwjUleH6WVv,votes-artistes,R3DRrtGPGfw8jsQxG4r8,2000,pending,2025-12-15T15:38:13.451Z
QwIOW87YaFZdQZErUmWV,votes-artistes,TXBLgEfug2LJqx5MXWe4,100,pending,2025-12-15T09:24:05.817Z
R0f6IH2E1ZsS0qAD44Zj,votes-artistes,RIAr7Uw1uo74gAhWWM9c,100,pending,2025-12-18T16:42:07.536Z
ROTUcOveZEIebHcD6rMF,votes-artistes,ANLYRIZ6gRU8LgLSyaRq,100,pending,2025-12-15T06:47:31.489Z
RPiBfgXFWMPfVBvuftLm,votes-artistes,oucOMPgDKDQR8GKDvFHJ,100,pending,2025-12-19T20:58:03.024Z
RVgzxbzUWhUJxD3kJ7CC,votes-artistes,TXBLgEfug2LJqx5MXWe4,100,pending,2025-12-18T14:41:08.928Z
RYuLqjY6u4zAvpZG4LEF,votes-artistes,TXBLgEfug2LJqx5MXWe4,10000,pending,2025-12-19T22:09:02.019Z
Rj7mgckbbkmsEYlnIMgr,votes-artistes,RIAr7Uw1uo74gAhWWM9c,100,pending,2025-12-15T18:05:47.333Z
RjFmVzXYiHpPyzNJRk3p,votes-artistes,oucOMPgDKDQR8GKDvFHJ,300,pending,2025-12-15T13:21:16.811Z
Rm75dcLpZzaMf3H60GBt,votes-artistes,GEVWzgnMyTnavWjEa6pg,500,pending,2025-12-19T22:48:02.047Z
RnQto6WJdrOWsRhhbmGs,votes-artistes,oucOMPgDKDQR8GKDvFHJ,100,pending,2025-12-15T22:46:12.141Z
Rrs20kBAriEpfDmQPhOz,votes-artistes,oucOMPgDKDQR8GKDvFHJ,100,pending,2025-12-17T06:00:26.969Z
Ru53bl98TqZ5la1zFMwV,votes-artistes,RIAr7Uw1uo74gAhWWM9c,100,pending,2025-12-19T00:47:20.991Z
S46YkpePhkOsCydDlmBP,votes-artistes,GEVWzgnMyTnavWjEa6pg,500,pending,2025-12-15T12:45:44.999Z
S6GqaHeOrEavwJ5SUA29,votes-artistes,R3DRrtGPGfw8jsQxG4r8,100,pending,2025-12-15T13:36:18.574Z
S7JOCAzknyECApvOmrWw,votes-artistes,lrK8tSxZpQPYFTmIF7On,100,pending,2025-12-17T11:04:02.279Z
SC0lyXbd6ptpUDUdhaik,votes-artistes,TXBLgEfug2LJqx5MXWe4,4300,pending,2025-12-15T07:39:14.699Z
SNxkXoKUHUSlF1JKlr6J,votes-artistes,oucOMPgDKDQR8GKDvFHJ,500000,pending,2025-12-19T21:58:51.094Z
SOGPgbs5qLslywf345bT,votes-artistes,RIAr7Uw1uo74gAhWWM9c,100,pending,2025-12-15T11:33:12.553Z
SbtKDrjTkDsMG2ZUsjZ0,votes-artistes,TXBLgEfug2LJqx5MXWe4,100,pending,2025-12-15T08:22:49.815Z
Sc4941EevigqCKct1JB5,votes-artistes,GEVWzgnMyTnavWjEa6pg,2000,pending,2025-12-17T11:34:26.665Z
ScJ9nuVHZg5Qix8HSEyX,votes-artistes,GEVWzgnMyTnavWjEa6pg,100,pending,2025-12-15T16:16:36.623Z
SdldUBQGB21Ny5WfB8o5,votes-artistes,lrK8tSxZpQPYFTmIF7On,200,pending,2025-12-19T22:38:50.014Z
SkVGCqY0BrmIlZ9MqPKf,votes-artistes,oucOMPgDKDQR8GKDvFHJ,100,pending,2025-12-15T11:16:06.732Z
Sqfuy8QivZoH28NtxX0q,votes-artistes,TXBLgEfug2LJqx5MXWe4,100,pending,2025-12-15T07:43:14.830Z
Sr9dzKycomXMunywNKV1,votes-artistes,GEVWzgnMyTnavWjEa6pg,500,pending,2025-12-15T08:25:00.491Z
StsHyHEOxf9F2gJDnQ0K,votes-artistes,TXBLgEfug2LJqx5MXWe4,100,pending,2025-12-18T10:40:44.882Z
StviCGSIcFFsxvEsLmV1,votes-artistes,TXBLgEfug2LJqx5MXWe4,100,pending,2025-12-15T16:54:04.073Z
T7dxvdd5YtU292SY8iCc,votes-artistes,oucOMPgDKDQR8GKDvFHJ,100,pending,2025-12-15T16:46:13.489Z
T9RgPBUBb92xJWov5K2w,votes-artistes,GEVWzgnMyTnavWjEa6pg,1000,pending,2025-12-15T03:07:12.299Z
T9hzWDpqk2SBYgWP4G4d,votes-artistes,TXBLgEfug2LJqx5MXWe4,100,pending,2025-12-19T09:56:59.937Z
TCboN3IWW7nQtjgGrBNS,votes-artistes,TXBLgEfug2LJqx5MXWe4,100,pending,2025-12-15T10:23:45.544Z
TYOJNbZ4ioPp2hvfnzui,votes-artistes,TXBLgEfug2LJqx5MXWe4,100,pending,2025-12-17T20:01:37.593Z
TplsVKkJ5ftzBMtJPxqn,votes-artistes,oucOMPgDKDQR8GKDvFHJ,100,pending,2025-12-15T09:04:59.744Z
TrH0RTUcCeWos6lqL7b9,votes-artistes,GEVWzgnMyTnavWjEa6pg,2500,pending,2025-12-17T19:33:17.384Z
U1iqXz9UiL2MYzGiXQcg,votes-artistes,TXBLgEfug2LJqx5MXWe4,10000,pending,2025-12-16T20:34:42.641Z
U5sI8xUEnKKpEiZHRp93,votes-artistes,GEVWzgnMyTnavWjEa6pg,600,pending,2025-12-17T09:54:30.621Z
U7AB4JfH58O0Sk6VqM2a,votes-artistes,oucOMPgDKDQR8GKDvFHJ,5000,pending,2025-12-18T20:31:22.180Z
U8QlWP91zJoKS1z3oT8e,votes-artistes,TXBLgEfug2LJqx5MXWe4,100,pending,2025-12-15T21:32:12.267Z
UOSNfoZmWJwCbqFhhoX2,votes-artistes,TXBLgEfug2LJqx5MXWe4,1000,pending,2025-12-19T23:16:05.473Z
UUFn99ffQRFB45f8vJT6,votes-artistes,zNIM4k3VP04xbhamFPva,300,pending,2025-12-20T10:18:34.731Z
UXxvim2ql8Ca6RZsqBF7,votes-artistes,TXBLgEfug2LJqx5MXWe4,100,pending,2025-12-18T20:27:21.604Z
UXyaUC9kbI6pAZZ3znKX,votes-artistes,TXBLgEfug2LJqx5MXWe4,14500,pending,2025-12-19T22:55:13.657Z
UhXDMthlqybpWELhA2Ql,votes-artistes,TXBLgEfug2LJqx5MXWe4,100,pending,2025-12-15T14:14:12.274Z
UpMzeysI0Kc9E9WAzrr2,votes-artistes,R3DRrtGPGfw8jsQxG4r8,5000,pending,2025-12-15T15:51:29.078Z
UtorQiIaClNijcQD0nrO,votes-artistes,GEVWzgnMyTnavWjEa6pg,100,pending,2025-12-15T17:00:55.266Z
V4ECmCzwdlPkzHUEmi5n,votes-artistes,ANLYRIZ6gRU8LgLSyaRq,100,pending,2025-12-15T07:02:43.717Z
V6oDT6KtXKKee6g6wkQM,votes-artistes,RIAr7Uw1uo74gAhWWM9c,200,pending,2025-12-16T17:29:55.803Z
VA2I2aT6df9YUhczx6Sc,votes-artistes,lrK8tSxZpQPYFTmIF7On,800,pending,2025-12-20T05:26:51.144Z
VEbXSkjhAag0wnt2gg8P,votes-artistes,Flxp9DD0iv0dzZaP0P2F,100,pending,2025-12-19T22:12:05.642Z
VID1r2TeqgHKXg49cEUq,votes-artistes,lrK8tSxZpQPYFTmIF7On,100,pending,2025-12-16T14:49:24.670Z
VTVui5PVCeueijtH7CSs,votes-artistes,oucOMPgDKDQR8GKDvFHJ,100,pending,2025-12-16T21:16:17.140Z
VagNGolUtDApx15mcLhw,votes-artistes,oucOMPgDKDQR8GKDvFHJ,100,pending,2025-12-15T18:42:16.497Z
VfDSysbNSTtoNpm3NYlX,votes-artistes,GEVWzgnMyTnavWjEa6pg,2000,pending,2025-12-19T18:44:46.662Z
VhH40D2AGhRQvzH5h4j5,votes-artistes,oucOMPgDKDQR8GKDvFHJ,700,pending,2025-12-16T10:17:43.356Z
ViLaj1XLuqNhz8cTBmws,votes-artistes,TXBLgEfug2LJqx5MXWe4,200,pending,2025-12-19T21:24:44.928Z
VzqLPLAXf8BNsmq1jxMf,votes-artistes,GEVWzgnMyTnavWjEa6pg,1000,pending,2025-12-18T09:10:52.377Z
W57Yax0UDmMpgA3miE7D,votes-artistes,GEVWzgnMyTnavWjEa6pg,100,pending,2025-12-15T20:02:57.970Z
W5T2L4XKZGPzt2C2Wr9Z,votes-artistes,GEVWzgnMyTnavWjEa6pg,1000,pending,2025-12-18T09:11:20.266Z
W92ur1JtlBEO9TEQDCLg,votes-artistes,R3DRrtGPGfw8jsQxG4r8,100,pending,2025-12-15T06:37:55.442Z
WEwTByugEUjAWzlVBsuE,votes-artistes,oucOMPgDKDQR8GKDvFHJ,100,pending,2025-12-19T11:59:25.858Z
WGW90aXhOb5FsZrKBKdG,votes-artistes,TXBLgEfug2LJqx5MXWe4,500,pending,2025-12-15T07:45:53.059Z
WMlXDSZ5BMdH8DpsZN03,votes-artistes,RIAr7Uw1uo74gAhWWM9c,1000,pending,2025-12-16T06:27:06.625Z
WNIFGr6UUUiFeigfYqYX,votes-artistes,oucOMPgDKDQR8GKDvFHJ,200,pending,2025-12-15T11:37:44.238Z
WYqHrDC9bGLRzZBaMEaK,votes-artistes,RIAr7Uw1uo74gAhWWM9c,100,pending,2025-12-19T07:45:11.221Z
WZ5CNL8XDjv98cD2PraO,votes-artistes,GEVWzgnMyTnavWjEa6pg,500,pending,2025-12-18T09:26:17.639Z
Wb82G2TIQGYkw1ofGUjG,votes-artistes,GEVWzgnMyTnavWjEa6pg,1000,pending,2025-12-19T09:14:56.884Z
WbFju2ALiFnJLTgD8GJw,votes-artistes,RIAr7Uw1uo74gAhWWM9c,5000,pending,2025-12-16T15:11:40.418Z
WexBVdr967BiCLWaffEl,votes-artistes,GEVWzgnMyTnavWjEa6pg,2000,pending,2025-12-19T21:01:25.162Z
WnaLTlfYgnAp9MDZpQAx,votes-artistes,GEVWzgnMyTnavWjEa6pg,100,pending,2025-12-15T16:17:17.570Z
X4XcJydcaFjW9Z38VCLL,votes-artistes,oucOMPgDKDQR8GKDvFHJ,100,pending,2025-12-19T20:19:54.931Z
XdXTxOGSXyZZnwyA6SB4,votes-artistes,TXBLgEfug2LJqx5MXWe4,100,pending,2025-12-16T19:10:35.141Z
XgvN0y16gm8zUa0wweNI,votes-artistes,RIAr7Uw1uo74gAhWWM9c,200,pending,2025-12-15T12:21:12.251Z
XhdIDVFxAg95eiOvDhNh,votes-artistes,GEVWzgnMyTnavWjEa6pg,100,pending,2025-12-17T09:20:37.208Z
XlOYplevyLbA7PFq1Wcv,votes-artistes,GEVWzgnMyTnavWjEa6pg,1000,pending,2025-12-19T20:35:42.835Z
Xr5DzS9mCfC1o2uEEYWq,votes-artistes,R3DRrtGPGfw8jsQxG4r8,2000,pending,2025-12-15T14:15:09.108Z
Xraohte7zSxd07fSPS4n,votes-artistes,TXBLgEfug2LJqx5MXWe4,1000,pending,2025-12-16T10:05:51.458Z
Y2GFIxVzKEuG8IDTbwZm,votes-artistes,oucOMPgDKDQR8GKDvFHJ,100,pending,2025-12-15T09:29:52.061Z
Y3jLe4WI4bVD6ITeCRmD,votes-artistes,R3DRrtGPGfw8jsQxG4r8,100,pending,2025-12-15T15:46:35.899Z
Y8ftFtXu8jpxZW2qVHgK,votes-artistes,RIAr7Uw1uo74gAhWWM9c,100,pending,2025-12-17T15:10:19.755Z
YAXNTsv9TKibx0cS7uyZ,votes-artistes,oucOMPgDKDQR8GKDvFHJ,100,pending,2025-12-15T17:25:12.443Z
YAuorlRVPoYvIMMcVICD,votes-artistes,GEVWzgnMyTnavWjEa6pg,2500,pending,2025-12-17T19:42:16.841Z
YVkeP30AceKR121SPv3I,votes-artistes,oucOMPgDKDQR8GKDvFHJ,100,pending,2025-12-20T12:01:32.762Z
YiyuJZkxKajBwJZq0h0q,votes-artistes,ANLYRIZ6gRU8LgLSyaRq,100,pending,2025-12-15T07:09:45.971Z
YjaexesM1lZwUmb3rexo,votes-artistes,oucOMPgDKDQR8GKDvFHJ,100,pending,2025-12-19T05:02:19.728Z
YlfeDVUXZgaHq1TLYMtb,votes-artistes,GEVWzgnMyTnavWjEa6pg,500,pending,2025-12-19T12:47:18.589Z
YviPHEsEiK3VFGta3BPr,votes-artistes,TXBLgEfug2LJqx5MXWe4,100,pending,2025-12-15T18:52:21.916Z
Z1YxBkgLnzEwqLcKmupM,votes-artistes,oucOMPgDKDQR8GKDvFHJ,100,pending,2025-12-15T21:36:01.657Z
Z6XWNCsjyGHy5XPkovDW,votes-artistes,GEVWzgnMyTnavWjEa6pg,1000,pending,2025-12-19T10:25:22.956Z
ZCmS1kOFhLxp7iwvjaEj,votes-artistes,RIAr7Uw1uo74gAhWWM9c,100,pending,2025-12-18T16:18:29.755Z
ZGCzHqXGOoWLouHt52XG,votes-artistes,GEVWzgnMyTnavWjEa6pg,1000,pending,2025-12-19T10:41:59.824Z
ZHwncqKTDXvWR8u7IHmx,votes-artistes,zNIM4k3VP04xbhamFPva,100,pending,2025-12-19T12:44:19.692Z
ZKyz3XNkM0Wh6Sq4UIQh,votes-artistes,oucOMPgDKDQR8GKDvFHJ,100,pending,2025-12-19T13:35:13.199Z
ZRlHsRy6rmozHE1QjlQY,votes-artistes,TXBLgEfug2LJqx5MXWe4,100,pending,2025-12-15T15:08:13.069Z
ZwRgU7RxHj3cyactcfs9,votes-artistes,oucOMPgDKDQR8GKDvFHJ,100,pending,2025-12-15T15:12:10.572Z
a1L5uaFa5kD6MnBsW05E,votes-artistes,oucOMPgDKDQR8GKDvFHJ,100,pending,2025-12-16T14:38:32.813Z
a4owXn2ILAru1DjXeU7c,votes-artistes,81cTWJpXQxqb1LcEQ9Nd,100,pending,2025-12-16T07:27:06.128Z
a7SbS7UkNRbDdGLJ4o86,votes-artistes,6jJ1pd8NA2meRhVWW12M,100,pending,2025-12-15T08:31:24.675Z
aIAoHFdg0Wn3h1qAwB8r,votes-artistes,noLuODpebT7EXpZWBRkH,700,pending,2025-12-15T09:26:58.136Z
aJ3XlWMQmCqP6FNzmGDG,votes-artistes,oucOMPgDKDQR8GKDvFHJ,100,pending,2025-12-15T09:59:22.404Z
aOY7f59UCjxwYdhlQLfm,votes-artistes,TXBLgEfug2LJqx5MXWe4,100,pending,2025-12-16T07:18:04.617Z
aReSnE5DZ8WfCodRJIhR,votes-artistes,GEVWzgnMyTnavWjEa6pg,1000,pending,2025-12-19T22:48:27.957Z
aUsHuilnh7rJZp3OYDTO,votes-artistes,TXBLgEfug2LJqx5MXWe4,100,pending,2025-12-16T11:28:35.781Z
afsREkggOkWz9Lu0A5p7,votes-artistes,TXBLgEfug2LJqx5MXWe4,100,pending,2025-12-18T06:57:50.234Z
ai8NVszZfzXKvwuj4WKy,votes-artistes,oucOMPgDKDQR8GKDvFHJ,100,pending,2025-12-19T07:01:00.351Z
aiElS5mm6hemZ65W3yxb,votes-artistes,GEVWzgnMyTnavWjEa6pg,100,pending,2025-12-15T10:50:45.152Z
anB1K9ZYhSiBEaxYcMvT,votes-artistes,RIAr7Uw1uo74gAhWWM9c,100,pending,2025-12-15T19:36:55.214Z
b4NClWUxjgwpA2ql95Vt,votes-artistes,TXBLgEfug2LJqx5MXWe4,100,pending,2025-12-17T05:08:33.600Z
b74zpZXQAUrroyKdQdIH,votes-artistes,TXBLgEfug2LJqx5MXWe4,100,pending,2025-12-15T21:01:23.999Z
bDc9l5ZDzqmozq0eq4hV,votes-artistes,GEVWzgnMyTnavWjEa6pg,500,pending,2025-12-18T19:18:31.289Z
bDe8gOPeQIlrVg3Xj6vD,votes-artistes,oucOMPgDKDQR8GKDvFHJ,1000,pending,2025-12-19T13:07:45.683Z
bSZAe3qeeYolYBbvXpuK,votes-artistes,GEVWzgnMyTnavWjEa6pg,100,pending,2025-12-15T10:40:27.948Z
bSwvJf45KhLk6DBdxUeX,votes-artistes,TXBLgEfug2LJqx5MXWe4,100,pending,2025-12-19T21:24:05.942Z
bhXPeN1ops22wFXasHSx,votes-artistes,lrK8tSxZpQPYFTmIF7On,100,pending,2025-12-16T13:47:33.767Z
biTRahrboTPJk1UqrX6L,votes-artistes,GEVWzgnMyTnavWjEa6pg,100,pending,2025-12-17T08:14:11.972Z
bjV0JC1lQkNXbO43Ybap,votes-artistes,oucOMPgDKDQR8GKDvFHJ,100,pending,2025-12-15T21:49:46.505Z
bpyrt5KNo8AA3vUSKMiG,votes-artistes,GEVWzgnMyTnavWjEa6pg,100,pending,2025-12-15T13:05:50.273Z
bt8cgO5AfLc4HYD28iYG,votes-artistes,lrK8tSxZpQPYFTmIF7On,1600,pending,2025-12-16T15:27:02.088Z
buU2eHfyKSoIigJQeReX,votes-artistes,R3DRrtGPGfw8jsQxG4r8,2000,pending,2025-12-15T14:10:07.024Z
bzpP8LFDbrOjLXBs2JOy,votes-artistes,oucOMPgDKDQR8GKDvFHJ,100,pending,2025-12-18T02:33:36.270Z
c0G9Vq1TAvh0qShiul8Q,votes-artistes,oucOMPgDKDQR8GKDvFHJ,300,pending,2025-12-15T16:31:57.826Z
cDvburOLKG0QzsZeBTMW,votes-artistes,RIAr7Uw1uo74gAhWWM9c,100,pending,2025-12-15T20:52:08.241Z
cFs1FIOncWORQs9DkuDz,votes-artistes,oucOMPgDKDQR8GKDvFHJ,1000,pending,2025-12-19T13:00:12.435Z
cULx2F9FE7buSGK2OPF3,votes-artistes,RIAr7Uw1uo74gAhWWM9c,10000,pending,2025-12-15T14:27:20.749Z
cju1px0QDRDFhJ2ujD6E,votes-artistes,RIAr7Uw1uo74gAhWWM9c,2000,pending,2025-12-15T09:39:05.928Z
ckJwlP7NKWEipqfgjiCD,votes-artistes,oucOMPgDKDQR8GKDvFHJ,100,pending,2025-12-15T11:43:18.846Z
clcFQFG93wh0uz0vpeMB,votes-artistes,oucOMPgDKDQR8GKDvFHJ,100,pending,2025-12-15T08:45:04.665Z
cmOPnsLoEkRRfMtoDVVB,votes-artistes,oucOMPgDKDQR8GKDvFHJ,100,pending,2025-12-15T14:33:23.339Z
cyUyKLIaCDE1cVKpD7CB,votes-artistes,R3DRrtGPGfw8jsQxG4r8,1000,pending,2025-12-16T08:52:09.260Z
d4eHBW9f9RwbElLKq16o,votes-artistes,TXBLgEfug2LJqx5MXWe4,100,pending,2025-12-15T15:24:23.396Z
dSfnf7pSqAH4JoDvLLDt,votes-artistes,RIAr7Uw1uo74gAhWWM9c,100,pending,2025-12-19T11:47:48.576Z
dT5k8cpjr89y28Ont8Mc,votes-artistes,GEVWzgnMyTnavWjEa6pg,100,pending,2025-12-16T11:45:42.677Z
dbuSZ0dRr5LghBmSmF6Y,votes-artistes,GEVWzgnMyTnavWjEa6pg,1000,pending,2025-12-16T19:23:20.341Z
demlsWT27sFKlsGsw1Yd,votes-artistes,oucOMPgDKDQR8GKDvFHJ,100,pending,2025-12-18T15:06:23.564Z
dhuhm790kVNVNsCWgzBB,votes-artistes,noLuODpebT7EXpZWBRkH,100,pending,2025-12-15T10:55:44.426Z
djlBh2xGaoM0U9PePgTn,votes-artistes,noLuODpebT7EXpZWBRkH,700,pending,2025-12-15T09:09:37.857Z
dohSWPEHuNHRTuXKPVSC,votes-artistes,oucOMPgDKDQR8GKDvFHJ,500,pending,2025-12-18T18:03:51.530Z
dwihxbnHyRoaZm1hCJuy,votes-artistes,TXBLgEfug2LJqx5MXWe4,100,pending,2025-12-18T09:25:40.766Z
eDvtPUVOWrSayOnUZy3c,votes-artistes,oucOMPgDKDQR8GKDvFHJ,500,pending,2025-12-15T11:28:10.735Z
eElKXTYqsDwLI0EYiVaI,votes-artistes,TXBLgEfug2LJqx5MXWe4,100,pending,2025-12-16T12:04:35.312Z
eGHGZ9Y4GyzZMHvU3q0T,votes-artistes,oucOMPgDKDQR8GKDvFHJ,200,pending,2025-12-16T20:54:38.137Z
eHibbyIdtF3nl3IHwn0d,votes-artistes,TXBLgEfug2LJqx5MXWe4,4400,pending,2025-12-15T06:50:18.284Z
eKXgEjNApPJg9AQXWvAH,votes-artistes,TXBLgEfug2LJqx5MXWe4,100,pending,2025-12-15T07:30:17.687Z
eRfpfLkpQ5Qm10sfLAAa,votes-artistes,RIAr7Uw1uo74gAhWWM9c,100,pending,2025-12-16T10:00:53.864Z
eUaMq45sVew2oKqOlCVQ,votes-artistes,81cTWJpXQxqb1LcEQ9Nd,100,pending,2025-12-16T09:42:53.019Z
ei1H3O1aZQOjpB2tSWXx,votes-artistes,oucOMPgDKDQR8GKDvFHJ,100,pending,2025-12-16T18:10:47.717Z
eieUIPKrpXOd9qyc7jU3,votes-artistes,GEVWzgnMyTnavWjEa6pg,200,pending,2025-12-15T11:41:55.564Z
emabl3FN3Ft2t7oqEqfh,votes-artistes,RIAr7Uw1uo74gAhWWM9c,100,pending,2025-12-15T18:01:37.611Z
enluzNsssADqFwzeoQnf,votes-artistes,81cTWJpXQxqb1LcEQ9Nd,100,pending,2025-12-15T12:32:18.604Z
f2TEujmNGZgRHapBqPfQ,votes-artistes,RIAr7Uw1uo74gAhWWM9c,1000,pending,2025-12-15T11:05:07.789Z
f8PsIirl23Mq7utjBhXh,votes-artistes,RIAr7Uw1uo74gAhWWM9c,200,pending,2025-12-16T10:55:41.810Z
f92uLigpq7jqP6Z2pQCe,votes-artistes,THSoBfgsHaDLamNs758L,100,pending,2025-12-18T17:59:03.830Z
fB9NuByBRcdh2SBLZSMg,votes-artistes,oucOMPgDKDQR8GKDvFHJ,100,pending,2025-12-16T21:33:12.864Z
fRozvbLu0mLbzU79996r,votes-artistes,oucOMPgDKDQR8GKDvFHJ,5000,pending,2025-12-16T10:28:28.832Z
fZ75WuP8Mq7TMW2ZBveI,votes-artistes,oucOMPgDKDQR8GKDvFHJ,1000,pending,2025-12-18T10:45:35.651Z
fct7MLQ9uZXEtWsozdXd,votes-artistes,R3DRrtGPGfw8jsQxG4r8,100,pending,2025-12-15T12:36:23.422Z
fkJmme3V26KzFvzS7xsa,votes-artistes,oucOMPgDKDQR8GKDvFHJ,100,pending,2025-12-15T09:15:41.770Z
fq5uo1rEPOHczTgRvJ96,votes-artistes,RIAr7Uw1uo74gAhWWM9c,100,pending,2025-12-15T09:08:48.652Z
fqf1krKb5HaI8ejpZrw9,votes-artistes,TXBLgEfug2LJqx5MXWe4,500,pending,2025-12-15T21:28:26.492Z
g3fqXN9nqENzN1OMFWCr,votes-artistes,oucOMPgDKDQR8GKDvFHJ,100,pending,2025-12-15T14:15:10.910Z
g6yfGZ47eQrNLmAVTKFR,votes-artistes,TXBLgEfug2LJqx5MXWe4,100,pending,2025-12-16T11:39:33.652Z
g7pDwhZYH8BBxxZDadGI,votes-artistes,oucOMPgDKDQR8GKDvFHJ,100,pending,2025-12-15T13:03:59.478Z
gEW4k65P705TecAZQoKq,votes-artistes,noLuODpebT7EXpZWBRkH,500,pending,2025-12-15T10:33:55.244Z
gGe85Y1l3DWj1BZeQUxZ,votes-artistes,oucOMPgDKDQR8GKDvFHJ,100,pending,2025-12-15T11:10:16.077Z
gNhjiVNPnmqp8hikjAWD,votes-artistes,GEVWzgnMyTnavWjEa6pg,100,pending,2025-12-17T09:57:10.844Z
gOEP4JJs7d5k134KFcNq,votes-artistes,TXBLgEfug2LJqx5MXWe4,1000000,pending,2025-12-19T21:48:10.596Z
gOS9CSLyAFeV4PLCzMia,votes-artistes,GEVWzgnMyTnavWjEa6pg,100,pending,2025-12-15T09:54:31.938Z
gUmIkjwyh2u44SyhaT4y,votes-artistes,TXBLgEfug2LJqx5MXWe4,500,pending,2025-12-16T10:18:15.322Z
gXuoZv6TuhYZbzMF1M9j,votes-artistes,GEVWzgnMyTnavWjEa6pg,200,pending,2025-12-15T11:43:56.692Z
gZrXRWNLgBWcKscriCK3,votes-artistes,oucOMPgDKDQR8GKDvFHJ,100,pending,2025-12-15T07:57:04.532Z
ga2qVU3xEsHtCXGbtW80,votes-artistes,oucOMPgDKDQR8GKDvFHJ,100,pending,2025-12-15T10:59:26.917Z
gh8QcZxHv1ABZD5WA12z,votes-artistes,TXBLgEfug2LJqx5MXWe4,100,pending,2025-12-15T16:02:00.599Z
gi426HG6rekzoC14U7tR,votes-artistes,GEVWzgnMyTnavWjEa6pg,2000,pending,2025-12-19T17:24:39.257Z
gx3vHbd9eG9IS1MylfwO,votes-artistes,GEVWzgnMyTnavWjEa6pg,3000,pending,2025-12-15T09:22:27.402Z
hMdv6R3lQBqAKuR954SW,votes-artistes,lrK8tSxZpQPYFTmIF7On,100,pending,2025-12-16T08:18:51.639Z
hdRM7xJpdKXmNlx5oy2Z,votes-artistes,THSoBfgsHaDLamNs758L,100,pending,2025-12-20T11:08:30.647Z
hrtgE6ZBHVy8xMQDUKYc,votes-artistes,ANLYRIZ6gRU8LgLSyaRq,100,pending,2025-12-15T07:09:59.491Z
i9LKHfsYvaUbDNqiKLKA,votes-artistes,oucOMPgDKDQR8GKDvFHJ,100,pending,2025-12-16T21:12:22.861Z
iAC4m2L8z9f5OkY2mKJ1,votes-artistes,TXBLgEfug2LJqx5MXWe4,1000,pending,2025-12-17T19:52:58.667Z
iJfKWcRHP3huaW2ZMVyE,votes-artistes,RIAr7Uw1uo74gAhWWM9c,100,pending,2025-12-19T07:17:07.199Z
iUV1pYh5JUOX47hCXwyx,votes-artistes,TXBLgEfug2LJqx5MXWe4,100,pending,2025-12-15T23:13:09.145Z
ihbjgvCnIUerOSR5BkXn,votes-artistes,oucOMPgDKDQR8GKDvFHJ,100,pending,2025-12-15T08:05:34.444Z
ik7bPRXcP2iKkOncTQhp,votes-artistes,noLuODpebT7EXpZWBRkH,100,pending,2025-12-15T09:56:39.168Z
jX7dE1LIhTaeEWbFqMZf,votes-artistes,lrK8tSxZpQPYFTmIF7On,100,pending,2025-12-20T10:59:21.660Z
jbNb3D8NqB0WRtlcH1jc,votes-artistes,oucOMPgDKDQR8GKDvFHJ,4800,pending,2025-12-15T13:33:30.538Z
jbSD82cPR4CHTcFizKGp,votes-artistes,GEVWzgnMyTnavWjEa6pg,500,pending,2025-12-15T22:08:00.522Z
jcBCXdKuAUDaIENyW05S,votes-artistes,81cTWJpXQxqb1LcEQ9Nd,1200,pending,2025-12-16T09:52:35.030Z
k4BoFoqlurVtTyDvPqtf,votes-artistes,GEVWzgnMyTnavWjEa6pg,2000,pending,2025-12-17T11:30:38.962Z
k89YRADX0ZkBIljs4H8e,votes-artistes,TXBLgEfug2LJqx5MXWe4,100,pending,2025-12-15T09:08:15.704Z
kITyubOJfZrZNoKTCC3r,votes-artistes,oucOMPgDKDQR8GKDvFHJ,100,pending,2025-12-19T18:17:38.887Z
kM6fH4iO8v8uRAH79q3n,votes-artistes,TXBLgEfug2LJqx5MXWe4,200,pending,2025-12-15T21:00:23.843Z
kQXO7JDYMyJUaX7zG5rY,votes-artistes,RIAr7Uw1uo74gAhWWM9c,2000,pending,2025-12-15T14:51:28.108Z
kQZWq84Cdkg5EsGRjUi6,votes-artistes,TXBLgEfug2LJqx5MXWe4,100,pending,2025-12-17T00:13:10.150Z
kUqME0ju0uJtKCOi5TI4,votes-artistes,GEVWzgnMyTnavWjEa6pg,100,pending,2025-12-18T12:53:23.278Z
kYTnRpfwpz4wUbJA1H3l,votes-artistes,oucOMPgDKDQR8GKDvFHJ,1000,pending,2025-12-19T12:52:44.033Z
kijRwubCdqAwsoq5Jzk3,votes-artistes,TXBLgEfug2LJqx5MXWe4,100,pending,2025-12-15T13:46:20.255Z
kr7kad9SojrQZKb4QtMk,votes-artistes,RIAr7Uw1uo74gAhWWM9c,100,pending,2025-12-15T19:14:33.427Z
kznMimks6ThrlDdx1ySo,votes-artistes,oucOMPgDKDQR8GKDvFHJ,100,pending,2025-12-15T11:12:51.448Z
l3MuLamrm2BGr9G7oy3I,votes-artistes,GEVWzgnMyTnavWjEa6pg,1000,pending,2025-12-17T20:13:47.712Z
l44I19lSfpHcefHAEDfq,votes-artistes,noLuODpebT7EXpZWBRkH,100,pending,2025-12-15T11:08:47.142Z
l4UOA9OityTKbMDiXw07,votes-artistes,6jJ1pd8NA2meRhVWW12M,400,pending,2025-12-15T09:48:34.210Z
lEp94dOILJo8P5k33Q1d,votes-artistes,oucOMPgDKDQR8GKDvFHJ,100,pending,2025-12-15T11:35:14.647Z
lF9nZQbG0FWO3a0VE0tw,votes-artistes,oucOMPgDKDQR8GKDvFHJ,200,pending,2025-12-17T15:20:56.142Z
lFiK98D3zUai1RyxJV5s,votes-artistes,GEVWzgnMyTnavWjEa6pg,100,pending,2025-12-18T07:26:37.932Z
lPmkLBjMbwCme3wdVmQT,votes-artistes,81cTWJpXQxqb1LcEQ9Nd,5000,pending,2025-12-16T13:32:39.608Z
la8T05RFRjGLGsITA3wB,votes-artistes,RIAr7Uw1uo74gAhWWM9c,500,pending,2025-12-15T07:06:37.793Z
m5eiaR8Bo81jZHjWgQcz,votes-artistes,noLuODpebT7EXpZWBRkH,200,pending,2025-12-15T19:37:57.113Z
mBPsUl32u5UlLOy35c3u,votes-artistes,ANLYRIZ6gRU8LgLSyaRq,100,pending,2025-12-15T14:30:03.386Z
mHRbjqnHkeyG1NxvXHdC,votes-artistes,lrK8tSxZpQPYFTmIF7On,100,pending,2025-12-19T17:36:46.429Z
meWCvbTZTiwte0KNt099,votes-artistes,ANLYRIZ6gRU8LgLSyaRq,1000,pending,2025-12-16T16:57:56.202Z
mn7WqeuRmrFZWrUG9t0U,votes-artistes,RIAr7Uw1uo74gAhWWM9c,200,pending,2025-12-17T18:14:07.355Z
mnK44yf1lDiJYXYtZGpK,votes-artistes,RIAr7Uw1uo74gAhWWM9c,100,pending,2025-12-15T14:21:34.036Z
n2NyJjBHWRgbhqTE54Xo,votes-artistes,GEVWzgnMyTnavWjEa6pg,100,pending,2025-12-15T17:02:44.546Z
n35IueE2DzPSJvemWsPX,votes-artistes,THSoBfgsHaDLamNs758L,100,pending,2025-12-18T14:28:55.894Z
nBEfpV2I3NWZ0ByrVXhz,votes-artistes,RIAr7Uw1uo74gAhWWM9c,100,pending,2025-12-16T06:35:23.082Z
nJ19APfPyXtK9buKQVtp,votes-artistes,TXBLgEfug2LJqx5MXWe4,100,pending,2025-12-17T08:02:42.028Z
nL0sJSABeKgF6BzdOcwZ,votes-artistes,lrK8tSxZpQPYFTmIF7On,100,pending,2025-12-17T09:18:15.860Z
nPqOp1hau3Pvwj9UMXjp,votes-artistes,oucOMPgDKDQR8GKDvFHJ,100,pending,2025-12-17T10:54:57.031Z
ngqiCUDwwlVxoYlA0rPG,votes-artistes,R3DRrtGPGfw8jsQxG4r8,100,pending,2025-12-16T22:10:31.517Z
nvvSohyTY1UStGlfxK0z,votes-artistes,RIAr7Uw1uo74gAhWWM9c,1000,pending,2025-12-15T14:02:48.413Z
nyX68nwOCyGkyklB0r0z,votes-artistes,RIAr7Uw1uo74gAhWWM9c,300,pending,2025-12-15T14:30:36.862Z
o7AJsXfwkXHJooef0ODr,votes-artistes,81cTWJpXQxqb1LcEQ9Nd,100,pending,2025-12-15T12:38:15.309Z
oEvKkHn8SVOvDaqm6on9,votes-artistes,RIAr7Uw1uo74gAhWWM9c,300,pending,2025-12-18T21:16:08.501Z
oGOfcg5XM20Jb2jKVgZB,votes-artistes,lrK8tSxZpQPYFTmIF7On,2000,pending,2025-12-16T12:35:24.990Z
oJDJYVWe6e0RflBJsmiM,votes-artistes,GEVWzgnMyTnavWjEa6pg,2000,pending,2025-12-17T07:42:05.817Z
oNOIqUxNkdtpuKbJAfPx,votes-artistes,GEVWzgnMyTnavWjEa6pg,2000,pending,2025-12-19T18:29:51.909Z
oOUzN9SGQlz2GBzFVsd7,votes-artistes,lrK8tSxZpQPYFTmIF7On,100,pending,2025-12-19T23:53:02.160Z
oOeyor24g4Bec1P1PHZD,votes-artistes,oucOMPgDKDQR8GKDvFHJ,100,pending,2025-12-15T13:20:48.972Z
oRKCJjEJ2Sh9xYWdyCgG,votes-artistes,GEVWzgnMyTnavWjEa6pg,100,pending,2025-12-18T07:52:11.032Z
oRRGH6TT2LCPHCGGKj8t,votes-artistes,TXBLgEfug2LJqx5MXWe4,100,pending,2025-12-15T10:57:31.029Z
okaXU1zcOIH0vTcUviiu,votes-artistes,TXBLgEfug2LJqx5MXWe4,10000,pending,2025-12-16T11:14:57.478Z
oo1Qec9vLvxnT0MDrfXj,votes-artistes,TXBLgEfug2LJqx5MXWe4,10000,pending,2025-12-18T20:52:13.910Z
ossa1waajVRn15glOaD8,votes-artistes,GEVWzgnMyTnavWjEa6pg,1000,pending,2025-12-17T15:21:57.502Z
ouV9z9I2j3FX5ukthmR4,votes-artistes,R3DRrtGPGfw8jsQxG4r8,5000,pending,2025-12-15T15:47:04.766Z
p1gUIncoNbmVYb39BovN,votes-artistes,lrK8tSxZpQPYFTmIF7On,200,pending,2025-12-19T21:57:44.212Z
p6ccVxVaOJ0roRviJQyZ,votes-artistes,TXBLgEfug2LJqx5MXWe4,100,pending,2025-12-15T20:37:51.295Z
pAL7cz4NZWS7Iq0VBgcl,votes-artistes,TXBLgEfug2LJqx5MXWe4,100,pending,2025-12-15T08:58:16.287Z
pIYdMprQPkXnvkDXla3K,votes-artistes,TXBLgEfug2LJqx5MXWe4,100,pending,2025-12-15T14:52:24.252Z
pU7A78FglrnbKy9Y4IfU,votes-artistes,TXBLgEfug2LJqx5MXWe4,1600,pending,2025-12-19T22:15:00.194Z
pd2O2EEX0LYplzg0w1mP,votes-artistes,TXBLgEfug2LJqx5MXWe4,100,pending,2025-12-15T06:47:32.390Z
pdPVRNoJqMtOS4N2QxSw,votes-artistes,noLuODpebT7EXpZWBRkH,700,pending,2025-12-15T10:29:44.832Z
q0dqKr60q059mXN0Jx0U,votes-artistes,oucOMPgDKDQR8GKDvFHJ,300,pending,2025-12-18T09:15:39.093Z
q38CN2pxxAun1Es2dMGJ,votes-artistes,TXBLgEfug2LJqx5MXWe4,8600,pending,2025-12-19T21:43:23.221Z
qBxEbLiW15zJ6gHoy2SO,votes-artistes,RIAr7Uw1uo74gAhWWM9c,100,pending,2025-12-18T11:58:30.268Z
qCjMMTlQtfYXASAdM2Ti,votes-artistes,oucOMPgDKDQR8GKDvFHJ,100,pending,2025-12-16T21:52:52.706Z
qENL3muYzBJDbuRBPiDJ,votes-artistes,TXBLgEfug2LJqx5MXWe4,100,pending,2025-12-16T20:08:34.609Z
qJArdXYJcc5UQQU3Wzsc,votes-artistes,GEVWzgnMyTnavWjEa6pg,2500,pending,2025-12-17T19:22:59.919Z
qLyJBSwcpvpj7nr4RUL8,votes-artistes,TXBLgEfug2LJqx5MXWe4,100,pending,2025-12-15T21:07:16.198Z
qQ1ufgQzGm0UWy1BwJjT,votes-artistes,GEVWzgnMyTnavWjEa6pg,100,pending,2025-12-15T07:30:10.136Z
qbOVyQ83ox71Royv6zEz,votes-artistes,oucOMPgDKDQR8GKDvFHJ,100,pending,2025-12-15T11:12:19.448Z
qcnq6sfZbWsS1Nykw7XE,votes-artistes,R3DRrtGPGfw8jsQxG4r8,2000,pending,2025-12-15T13:11:47.305Z
qh3AoVsJx0VoivGBW73J,votes-artistes,oucOMPgDKDQR8GKDvFHJ,100,pending,2025-12-16T18:56:37.940Z
qjKDwUK7LPd8zlQn42zQ,votes-artistes,RIAr7Uw1uo74gAhWWM9c,900,pending,2025-12-17T19:46:39.823Z
qlTrMCWM0UBYW1qajSjO,votes-artistes,lrK8tSxZpQPYFTmIF7On,100,pending,2025-12-17T15:19:14.866Z
qpHOrUarRQv747DizHkS,votes-artistes,RIAr7Uw1uo74gAhWWM9c,5000,pending,2025-12-16T22:26:08.698Z
qv9KKtKCFj3UQKLHJn8Y,votes-artistes,GEVWzgnMyTnavWjEa6pg,500,pending,2025-12-19T22:03:43.144Z
qvJ7fHvpFpUDFQMHCrUn,votes-artistes,RIAr7Uw1uo74gAhWWM9c,100,pending,2025-12-17T18:49:11.821Z
r3IDOqBZJ0JU1WhqaFlM,votes-artistes,GEVWzgnMyTnavWjEa6pg,2000,pending,2025-12-19T18:42:57.404Z
r4DVPTPCerzYrJehtXhG,votes-artistes,oucOMPgDKDQR8GKDvFHJ,100,pending,2025-12-15T11:21:45.592Z
rAdBUGynAqMVh1vVX83t,votes-artistes,TXBLgEfug2LJqx5MXWe4,100,pending,2025-12-15T21:05:20.775Z
rIjQE7qUTIHmwiIa725Y,votes-artistes,TXBLgEfug2LJqx5MXWe4,500,pending,2025-12-18T10:40:10.981Z
rJ5lnw406C4MZyw6AOti,votes-artistes,lrK8tSxZpQPYFTmIF7On,100,pending,2025-12-16T11:12:56.094Z
rONwddQ44fXItNfy6VHO,votes-artistes,GEVWzgnMyTnavWjEa6pg,1100,pending,2025-12-15T09:53:46.682Z
rQMP0jO5FoxiO3VS42S0,votes-artistes,TXBLgEfug2LJqx5MXWe4,100,pending,2025-12-17T08:57:53.489Z
ra4Q1Ib8K2h5ZhE3NPCf,votes-artistes,R3DRrtGPGfw8jsQxG4r8,100,pending,2025-12-15T09:01:09.649Z
rcfi7eRagE3Pu8cBbJ7a,votes-artistes,RIAr7Uw1uo74gAhWWM9c,100,pending,2025-12-16T08:47:23.180Z
rlaDxcb2qFfv0Nr2aaWr,votes-artistes,TXBLgEfug2LJqx5MXWe4,5000,pending,2025-12-16T10:32:25.607Z
roCy1A3Th4s6gIxdcYwt,votes-artistes,oucOMPgDKDQR8GKDvFHJ,200,pending,2025-12-15T17:42:45.457Z
ry1WMh8nMS8lcfPMU3hH,votes-artistes,oucOMPgDKDQR8GKDvFHJ,100,pending,2025-12-18T20:42:27.920Z
s4SkvSGnGVBQKPyFJzu6,votes-artistes,oucOMPgDKDQR8GKDvFHJ,1000,pending,2025-12-17T19:53:42.792Z
s5ANZxLozlVsHoWa4dcq,votes-artistes,ANLYRIZ6gRU8LgLSyaRq,100,pending,2025-12-15T08:09:00.055Z
s7p4ON8IFyEdJZZkXFPB,votes-artistes,GEVWzgnMyTnavWjEa6pg,500,pending,2025-12-15T08:11:47.067Z
s8icRcqwY1KFPeJxZdqT,votes-artistes,TXBLgEfug2LJqx5MXWe4,100,pending,2025-12-15T20:09:50.240Z
s8uv4u3w0ByUm6pbw5ge,votes-artistes,R3DRrtGPGfw8jsQxG4r8,100,pending,2025-12-15T07:06:18.043Z
sBwNe6p6LyJt6sLb2DZm,votes-artistes,RIAr7Uw1uo74gAhWWM9c,100,pending,2025-12-15T14:44:58.223Z
sDZQcaz9IPmYHPlNr5hW,votes-artistes,oucOMPgDKDQR8GKDvFHJ,100,pending,2025-12-16T19:43:40.072Z
sHIiMHFlCFkFeNhjLekd,votes-artistes,GEVWzgnMyTnavWjEa6pg,100,pending,2025-12-19T21:06:52.659Z
sKzCC5QipAlgd7iFOn6n,votes-artistes,TXBLgEfug2LJqx5MXWe4,100,pending,2025-12-15T07:39:14.700Z
sM4WtvbtOkC2yhbCsJyx,votes-artistes,GEVWzgnMyTnavWjEa6pg,100,pending,2025-12-15T08:14:53.298Z
sa1w58ditUDDiLRAqfHu,votes-artistes,GEVWzgnMyTnavWjEa6pg,100,pending,2025-12-15T11:17:52.547Z
shMIAs9d81DXIKBSw8CP,votes-artistes,GEVWzgnMyTnavWjEa6pg,100,pending,2025-12-19T22:46:01.823Z
smrRaEcaS0RjCbA52tH7,votes-artistes,oucOMPgDKDQR8GKDvFHJ,100,pending,2025-12-19T06:56:29.929Z
t0K0hV4tOCW4g9WXOoYS,votes-artistes,R3DRrtGPGfw8jsQxG4r8,500,pending,2025-12-18T11:38:37.225Z
t1jUs1zSVQJBtnunwpQZ,votes-artistes,oucOMPgDKDQR8GKDvFHJ,100,pending,2025-12-18T15:03:50.655Z
tCszs1Nhlc4D161x1iCH,votes-artistes,RIAr7Uw1uo74gAhWWM9c,100,pending,2025-12-15T10:47:16.606Z
tGay0qp12f4FmSMFHDbR,votes-artistes,oucOMPgDKDQR8GKDvFHJ,3600,pending,2025-12-18T16:20:07.330Z
tJjUw6n3edt2utMxJhoP,votes-artistes,TXBLgEfug2LJqx5MXWe4,100,pending,2025-12-15T07:32:54.135Z
tJsGF5xyAAFDdnvdF3FC,votes-artistes,RIAr7Uw1uo74gAhWWM9c,3600,pending,2025-12-15T17:48:07.434Z
tK9T9bsK2xWCH4bNDUrM,votes-artistes,GEVWzgnMyTnavWjEa6pg,100,pending,2025-12-15T06:40:33.796Z
tOD4VHonySLLz6o6bv7S,votes-artistes,oucOMPgDKDQR8GKDvFHJ,100,pending,2025-12-15T08:26:52.949Z
tOvoiiBn0zjYhBeuMbJd,votes-artistes,THSoBfgsHaDLamNs758L,100,pending,2025-12-19T12:02:30.141Z
tQR5TioLnJolwEmtpZYJ,votes-artistes,aUt5Vh29CsUcstBHEF8H,1000,pending,2025-12-15T21:54:30.216Z
tU81BwQWWNXGNkTAysaO,votes-artistes,TXBLgEfug2LJqx5MXWe4,100,pending,2025-12-15T08:42:14.820Z
tell1IO9pw98Szqjb5Sz,votes-artistes,oucOMPgDKDQR8GKDvFHJ,100,pending,2025-12-17T15:19:10.788Z
tgrSfSUP0T65MqNSIa2m,votes-artistes,GEVWzgnMyTnavWjEa6pg,1000,pending,2025-12-19T22:46:45.200Z
tjOAkRXbnk1DSf311xew,votes-artistes,RIAr7Uw1uo74gAhWWM9c,1000,pending,2025-12-15T10:35:26.959Z
tkgUMVMuJaO91gtec8hN,votes-artistes,R3DRrtGPGfw8jsQxG4r8,500,pending,2025-12-15T08:42:27.980Z
todRvWFS0ETr6jz4VlC1,votes-artistes,GEVWzgnMyTnavWjEa6pg,10000,pending,2025-12-15T11:28:10.684Z
tpx64EvkqcgCiMgbpYDw,votes-artistes,81cTWJpXQxqb1LcEQ9Nd,100,pending,2025-12-16T10:42:46.878Z
u2tmoQ3CaFVqQOaytUKz,votes-artistes,oucOMPgDKDQR8GKDvFHJ,10000,pending,2025-12-19T07:38:11.874Z
u5jGCv9KBVeSwMGCrjTr,votes-artistes,TXBLgEfug2LJqx5MXWe4,20000,pending,2025-12-19T22:38:05.616Z
uBBlwQtD70Co2RbEmS1E,votes-artistes,GEVWzgnMyTnavWjEa6pg,100,pending,2025-12-16T12:20:40.020Z
uBm0OzrVU0Jl6vtReyUo,votes-artistes,R3DRrtGPGfw8jsQxG4r8,100,pending,2025-12-15T13:07:17.717Z
uEQuKLOr7RJlPbNGJ1t7,votes-artistes,GEVWzgnMyTnavWjEa6pg,200,pending,2025-12-15T11:42:27.721Z
uKRcIBVh0yHxCebfZPCN,votes-artistes,oucOMPgDKDQR8GKDvFHJ,100,pending,2025-12-15T11:12:50.570Z
uNZMA2DPbxz9eqeb29ql,votes-artistes,GEVWzgnMyTnavWjEa6pg,100000,pending,2025-12-18T13:21:35.365Z
uSYyLseobHrxFSSTKaQC,votes-artistes,RIAr7Uw1uo74gAhWWM9c,100,pending,2025-12-17T18:50:44.638Z
uTojB3JDOzfmKBslWGWn,votes-artistes,RIAr7Uw1uo74gAhWWM9c,200,pending,2025-12-17T18:08:47.954Z
uVjiI4SNeqPxRznYNaSN,votes-artistes,GEVWzgnMyTnavWjEa6pg,100,pending,2025-12-15T08:37:46.240Z
uegYefRN6dl4OlcglcLl,votes-artistes,ANLYRIZ6gRU8LgLSyaRq,4700,pending,2025-12-16T11:35:13.505Z
ufK2qHd4hudDEWMKMlRH,votes-artistes,81cTWJpXQxqb1LcEQ9Nd,100,pending,2025-12-16T10:59:16.289Z
ui6DMwX5tcorX0wYYwuF,votes-artistes,ANLYRIZ6gRU8LgLSyaRq,500,pending,2025-12-15T08:00:05.041Z
ui9v2ef0Iux5NjUfZvHT,votes-artistes,GEVWzgnMyTnavWjEa6pg,100,pending,2025-12-16T20:20:05.165Z
uiEVv01u6T2Rh8wJjE1l,votes-artistes,TXBLgEfug2LJqx5MXWe4,300,pending,2025-12-15T12:05:46.007Z
uls8WoxoOR6Tt5qyulHl,votes-artistes,oucOMPgDKDQR8GKDvFHJ,100,pending,2025-12-16T11:47:57.220Z
uwqJMF6U9YVEi2SJSjU2,votes-artistes,oucOMPgDKDQR8GKDvFHJ,100,pending,2025-12-19T08:46:34.115Z
v0LMQx6jNHeKvksxQ56U,votes-artistes,oucOMPgDKDQR8GKDvFHJ,1000,pending,2025-12-16T10:25:26.729Z
v5OR3sy45aHQSMbGNx6L,votes-artistes,lrK8tSxZpQPYFTmIF7On,100,pending,2025-12-16T13:56:09.112Z
v9tfA33sIHGGuhxnt9ht,votes-artistes,GEVWzgnMyTnavWjEa6pg,500,pending,2025-12-19T16:34:07.734Z
vAKJFD2R1gPw0da2LP6c,votes-artistes,oucOMPgDKDQR8GKDvFHJ,100,pending,2025-12-15T11:13:28.072Z
vH80IaWoB0yn4TJSQhRu,votes-artistes,oucOMPgDKDQR8GKDvFHJ,500,pending,2025-12-15T20:31:32.631Z
vHfVjGtQtsCBLHzSCmhD,votes-artistes,RIAr7Uw1uo74gAhWWM9c,100,pending,2025-12-15T13:17:23.465Z
vLDD3VTYVVu1Je6gJyBb,votes-artistes,GEVWzgnMyTnavWjEa6pg,100,pending,2025-12-15T18:28:54.625Z
vN8UyRP3YpJt7pjmN6Ri,votes-artistes,aUt5Vh29CsUcstBHEF8H,1000,pending,2025-12-15T18:23:06.216Z
vWaoRufeFDDzYBAQFhbj,votes-artistes,oucOMPgDKDQR8GKDvFHJ,500,pending,2025-12-15T08:29:18.220Z
vf8AWLlwxim3ZgbQm7Gx,votes-artistes,RIAr7Uw1uo74gAhWWM9c,100,pending,2025-12-17T10:02:04.504Z
vjeRnD4MeKvmt37ET4x4,votes-artistes,oucOMPgDKDQR8GKDvFHJ,100,pending,2025-12-15T17:23:11.155Z
vxVm6YDzngiAbz8g2yF2,votes-artistes,TXBLgEfug2LJqx5MXWe4,500,pending,2025-12-15T20:03:56.982Z
vy4FjHpt9fWSKMn6C2Fn,votes-artistes,R3DRrtGPGfw8jsQxG4r8,100,pending,2025-12-15T21:04:45.926Z
w16IlegERZ3yEEYNV8KB,votes-artistes,TXBLgEfug2LJqx5MXWe4,100,pending,2025-12-15T13:49:47.080Z
w2Xktth6lE84Wzqc2ldk,votes-artistes,lrK8tSxZpQPYFTmIF7On,100,pending,2025-12-16T11:32:00.921Z
w44bCTAu46PklmRCxG07,votes-artistes,TXBLgEfug2LJqx5MXWe4,100,pending,2025-12-16T20:21:51.167Z
w8bCSIQbTxJapNxTa2TS,votes-artistes,GEVWzgnMyTnavWjEa6pg,200,pending,2025-12-15T09:30:27.793Z
wRZngJjPauPKi6vgjoF4,votes-artistes,GEVWzgnMyTnavWjEa6pg,100,pending,2025-12-20T05:23:18.253Z
wcmrYjthFBC5hS2L5Xsm,votes-artistes,GEVWzgnMyTnavWjEa6pg,500,pending,2025-12-19T22:16:41.679Z
wrvyjhGKgFuKVoztF2fN,votes-artistes,GEVWzgnMyTnavWjEa6pg,100,pending,2025-12-16T21:55:45.218Z
ws1d5abzyF6endG1KWX1,votes-artistes,noLuODpebT7EXpZWBRkH,700,pending,2025-12-15T09:31:24.864Z
wwqFJIM5GVuhohast7Be,votes-artistes,lrK8tSxZpQPYFTmIF7On,100,pending,2025-12-16T14:44:09.764Z
wxSEPzEpE9lfVAHJHuOW,votes-artistes,oucOMPgDKDQR8GKDvFHJ,100,pending,2025-12-15T21:37:08.197Z
wxzEu7HpPCRIp6FIma2c,votes-artistes,oucOMPgDKDQR8GKDvFHJ,100,pending,2025-12-16T07:57:52.047Z
x2PnCpn1phHL7ZpwGYgO,votes-artistes,oucOMPgDKDQR8GKDvFHJ,100,pending,2025-12-18T18:08:10.289Z
x2WVoYM52DhF22uX31SL,votes-artistes,TXBLgEfug2LJqx5MXWe4,200,pending,2025-12-15T15:21:58.221Z
x49OOcBxrNlfticDpcXb,votes-artistes,ANLYRIZ6gRU8LgLSyaRq,100,pending,2025-12-16T11:36:26.166Z
x5c0hdv2dF7Wtsl7Y4Hx,votes-artistes,oucOMPgDKDQR8GKDvFHJ,100,pending,2025-12-15T07:12:45.037Z
x5uoducdtn5cN9cguGiL,votes-artistes,noLuODpebT7EXpZWBRkH,700,pending,2025-12-15T10:37:04.230Z
x9CKNvTfeqFYxkVGjNIg,votes-artistes,GEVWzgnMyTnavWjEa6pg,100,pending,2025-12-15T07:22:00.695Z
xBMYNagD2Bll3S69GJyK,votes-artistes,oucOMPgDKDQR8GKDvFHJ,100,pending,2025-12-19T13:39:59.492Z
xKBVLml0VvvALEJq8r7r,votes-artistes,GEVWzgnMyTnavWjEa6pg,2000,pending,2025-12-19T18:29:20.308Z
xXP6saqxpiy4HdlXgUAm,votes-artistes,RIAr7Uw1uo74gAhWWM9c,100,pending,2025-12-15T08:06:39.268Z
xZ0XxXWg0UUgfh2k8add,votes-artistes,RIAr7Uw1uo74gAhWWM9c,1000,pending,2025-12-15T10:04:42.733Z
xh4ZyAkWFzxOEFKJFAtA,votes-artistes,R3DRrtGPGfw8jsQxG4r8,100,pending,2025-12-15T11:04:30.089Z
xk8Fza5dRlSZH3aRD1Am,votes-artistes,GEVWzgnMyTnavWjEa6pg,100,pending,2025-12-15T13:34:35.969Z
xmJCTfhh3ogygUgcrcbp,votes-artistes,GEVWzgnMyTnavWjEa6pg,100,pending,2025-12-20T07:25:23.979Z
y37uAZ3CAAdY8ALVGVrl,votes-artistes,TXBLgEfug2LJqx5MXWe4,100,pending,2025-12-15T15:42:34.867Z
y6PgOHx93bU2aRqbv44b,votes-artistes,RIAr7Uw1uo74gAhWWM9c,200,pending,2025-12-18T11:59:44.459Z
yCW50SSJ80T9NTeUjgPF,votes-artistes,aUt5Vh29CsUcstBHEF8H,100,pending,2025-12-16T19:12:12.375Z
yFAXMB85Ot07rLBJlVyh,votes-artistes,TXBLgEfug2LJqx5MXWe4,100,pending,2025-12-15T16:54:25.269Z
yMPSweI8MGda4F3s4HQY,votes-artistes,oucOMPgDKDQR8GKDvFHJ,100,pending,2025-12-15T21:02:40.988Z
ySOpHVdopXz5PlrjC3bS,votes-artistes,oucOMPgDKDQR8GKDvFHJ,100,pending,2025-12-15T16:32:18.785Z
yTiEORy8EPgfADQSAO2a,votes-artistes,oucOMPgDKDQR8GKDvFHJ,100,pending,2025-12-17T15:38:48.115Z
yaXFEvKCl8TtNi5LyrU3,votes-artistes,TXBLgEfug2LJqx5MXWe4,100,pending,2025-12-15T06:50:55.059Z
yeM1zVdo2HorFvja1Dzz,votes-artistes,TXBLgEfug2LJqx5MXWe4,100,pending,2025-12-19T18:15:01.153Z
yfJ1rQ2dVNMZmc8Wo4j9,votes-artistes,TXBLgEfug2LJqx5MXWe4,100,pending,2025-12-15T16:52:29.872Z
yvmLcqrT9YCVHrsgCuFV,votes-artistes,RIAr7Uw1uo74gAhWWM9c,1500,pending,2025-12-18T22:19:47.815Z
yzy3tRqkZxKRdTSpYU93,votes-artistes,aUt5Vh29CsUcstBHEF8H,500,pending,2025-12-17T10:49:47.205Z
z3Yrf6GfWwkrvCnPtB9R,votes-artistes,TXBLgEfug2LJqx5MXWe4,900,pending,2025-12-19T23:08:02.194Z
z3iUVghkee18ThflfzA0,votes-artistes,GEVWzgnMyTnavWjEa6pg,1000,pending,2025-12-15T16:45:03.567Z
z9qikO0pYexHlk1CwPz9,votes-artistes,GEVWzgnMyTnavWjEa6pg,100,pending,2025-12-15T20:56:10.672Z
zER0T6xhzNAp5hUErl0U,votes-artistes,RIAr7Uw1uo74gAhWWM9c,100,pending,2025-12-17T21:29:29.122Z
zXxtdqjrGEsv1VEhdrM0,votes-artistes,R3DRrtGPGfw8jsQxG4r8,100,pending,2025-12-15T07:31:23.846Z
zcbs1vpwXLcUsmYPDQQv,votes-artistes,GEVWzgnMyTnavWjEa6pg,100,pending,2025-12-17T09:22:24.960Z
zdMAwDCa9pzdIbEmN1DC,votes-artistes,oucOMPgDKDQR8GKDvFHJ,100,pending,2025-12-16T10:39:55.207Z
zeSOChE9kNk5eksDTB9x,votes-artistes,oucOMPgDKDQR8GKDvFHJ,100,pending,2025-12-16T21:19:09.888Z
zqJumKcy7lLmLF0ZIeEP,votes-artistes,81cTWJpXQxqb1LcEQ9Nd,200,pending,2025-12-16T07:22:53.514Z
zvM65LNUWMTblzugjyvv,votes-artistes,GEVWzgnMyTnavWjEa6pg,100,pending,2025-12-15T11:22:26.151Z
zzZ7R0EX5OEvWeimEV3x,votes-artistes,RIAr7Uw1uo74gAhWWM9c,1000,pending,2025-12-15T09:45:46.707Z